ID,Futbolista,Nombre,Posición,FechaNac,LugarNac,País,FechaMuerte,LugarMuerte,Peso,Altura,Procedencia,Destino,Trayectoria,Biografía,Foto1,Foto2
Ábila,Ramón Ábila,Ramón Darío Ábila,Posición,FechaNac,LugarNac,Argentina,FechaMuerte,LugarMuerte,Peso,Altura,Procedencia,Destino,"Instituto (Córdoba),Sarmiento (Junín),Dep. Morón,Huracán,Cruzeiro (Brasil),Boca Juniors,Minessota United (Estados Unidos),DC United (Estados Unidos),Colón (Santa Fe),Barracas Central",Biografía,https://blogger.googleusercontent.com/img/a/AVvXsEh44lxTJJU8o4uWdTB4CLoNDapp4MqG5kIU3cIT_DcZDZW8s01NzxvUtzIoXoevs3C07OgDhrw9kES3bTYU95iNNc_f3sVYbJpZWEGaL8PXRvwPI4pXwyI07VpKlD0UpsniPPz4Z4QyPVacFpqUrQwAkwUFS1T16J8W10MC9byOr0qTDLWkRNdWvRrVoz2J=w109-h145,Foto2
Aguirre,Nicolás Aguirre,Nicolás Agustín Aguirre,Posición,FechaNac,LugarNac,Argentina,FechaMuerte,LugarMuerte,Peso,Altura,Inferiores,Destino,Trayectoria,Biografía,Foto1,Foto2
Angeloff,David Angeloff,David Alcides Angeloff,Posición,FechaNac,LugarNac,Argentina,FechaMuerte,LugarMuerte,Peso,Altura,Inferiores,Destino,Trayectoria,Biografía,Foto1,Foto2
Arano,Carlos Arano,Carlos Andrés Arano,Posición,FechaNac,LugarNac,Argentina,FechaMuerte,LugarMuerte,Peso,Altura,Polideportivo Ejido (España),Destino,Trayectoria,Biografía,https://blogger.googleusercontent.com/img/a/AVvXsEgf_b3uwenkzE8b1I-43Lpanl0qUBWLW0Lqo-1ZevLHiKKCcsKMzvA61PZxVs9pL3o_sLJMZc50urvhsYzm1rW33MEG5rHMA9dXCCT24DaxJq-HRsTnFM4uH-bjdlz7-r4EuCL90K083oXCA35ohAvuoBPgWgj2b-kXi4BaTjKS-3EosbmX55EM3Zmg3ISS=w111-h148,Foto2
﻿Araujo,Carlos Araujo,Carlos Luciano Araujo,Lateral derecho,19/11/1981,Avellaneda (Buenos Aires),Argentina,FechaMuerte,LugarMuerte,Peso,Altura,Olimpo (Bahía Blanca),Ind. Rivadavia (Mendoza),"Ind. Rivadavia (Mendoza),Atl. Rafaela,Estudiantes (La Plata),Newell's Old Boys (Rosario),Olimpo (Bahía Blanca),Huracán,AEK Atenas (Grecia),Lanús","Debutó en 2000 en Independiente Rivadavia y pasó en 2002 a Atlético de Rafaela.  Luego pasó por Estudiantes de La Plata (2005-06), Newell's (2006-07) y Olimpo (2007-08).  De allí llegó a Huracán para ser titular del famoso equipo del “Tiki-Tiki” que fue subcampeón del Clausura 2009, habiendo jugado 35 partidos y convirtido un gol en la temporada 2008-09.  Luego pasó al AEK Atenas, Grecia, ese mismo 2009.  Regresó al país en 2011 para coronar una extensa carrera en Lanús (2011-15).  Regresó a Huracán (2016-20) para completar una segunda etapa, finalizando su carrera en Independiente Rivadavia (2020-21).",https://blogger.googleusercontent.com/img/a/AVvXsEhXbHhTFcNwocSUz6zfBw06KgaJZEmFbuc3YN1WThbPCcaEssMOvMus0RL-QutQGWT4D2q5j-evIFsRiBIa0nuQH6PJIy-yL4NJsHx4tw5aIVgwdZZKsnCV2FNlAy2GvgC9-vVfRM-bRoWyJGtcMAA-yqSnrTtQTo1C7nXcWbJoAHHvLLkqNHheLvfjHMt-=w109-h146,https://blogger.googleusercontent.com/img/b/R29vZ2xl/AVvXsEju_awMcY_A0BjmaNzf9LzNRLLOhDeLdlduVJXngv7TL5u0-sI0_D_1nfkWHr3HE9zMoLyhj4N_XAweP5aY7sfGXsD-B2x47atiugZSkKRopQTKOzztOwmTOF2e5UvR9IHxm_4CL9auf1g/w200-h300/Araujo+Carlos+01.jpg
﻿Arraya,Juan J Arraya,Juan José Arraya,Posición,FechaNac,LugarNac,Argentina,FechaMuerte,LugarMuerte,Peso,Altura,Procedencia,Destino,"Gimnasia (Jujuy),Juventud Antoniana (Salta),Univ. de Concepción (Chile),Portuguesa (Brasil),Huracán,Patronato (Paraná),Ramón Santamarina (Tandil),Delfín (Ecuador),Gimnasia y Tiro (Salta),Portuguesa (Venezuela),Atl. Cuyaya (Jujuy),San Martín (Formosa)",Biografía,https://blogger.googleusercontent.com/img/a/AVvXsEgc26AX5kEKZLHTaDs5121n1lRRyMqGnVcMh_3dlyPjEZVkfgy8YpnYn-QX4VeN6bUJ1_s7BJ3yJ84NwRnW4Icp6p_f1hSRLv5Y_WxSbv1-GJMQyibnTqHO56FducppLqxObM5firkXFy4sOPpmk39DESTwS0pTekE7mJU93hm6QPh87rAiAF699mlSuw1-=w111-h147,Foto2
Balbi,Luciano Balbi,Luciano Damián Balbi,Posición,FechaNac,LugarNac,País,FechaMuerte,LugarMuerte,Peso,Altura,LDU Quito (Ecuador),Destino,Trayectoria,Biografía,Foto1,Foto2
Balvorín,Gustavo Balvorín,Gustavo Alberto Balvorín,Posición,FechaNac,LugarNac,Argentina,FechaMuerte,LugarMuerte,Peso,Altura,Levadiakos (Grecia),Destino,Trayectoria,Biografía,https://blogger.googleusercontent.com/img/a/AVvXsEgHUNx9qXNDm7ioxeL1nSZuTxc1vLKDGmb0afxo0S980yjWjKHlZmC7RZW0Ddq0jVZHCZmcUGKxUtC8vTD0fb366Nr_xRNWmbW6aLPaXhOe_fp0jorfESACqeRAWzUlqUvaX9xSgory35zR_5nzidouU_QVYV-eZ0OhaRRHmY2dq73g6BGZAKP5Z424XKTa=w109-h147,Foto2
﻿Barcos,Hernán Barcos,Hernán Barcos,Posición,FechaNac,LugarNac,Argentina,FechaMuerte,LugarMuerte,Peso,Altura,Estrella Roja (Serbia),Destino,Trayectoria,Biografía,https://blogger.googleusercontent.com/img/a/AVvXsEgVVbVcuBO5HbyICcF3FYh01cfbZu7C2pE1mIyWzvtaBzoN1KDQQvE4kkRPqSQptH3wNN7nrTeupz8ayDIAj61QkQx6foOV9hLAtrxwzErJnMAF0sxcjMeKxQArVbr0g_197-Vb77otu_oAkQux3qp1Ed9yOJESGXQ4e_CHR3ssHBZWYGlIImeAkGSyIoLP=w110-h147,Foto2
Barijho,Antonio Barijho,Antonio Daniel Barijho,Posición,FechaNac,LugarNac,Argentina,FechaMuerte,LugarMuerte,Peso,Altura,Inferiores,Destino,"Huracán,Boca Juniors,Grasshopper (Suiza),Saturn (Rusia),Banfield,BArcelona (Ecuador),Independiente,Dep. Merlo",Biografía,https://blogger.googleusercontent.com/img/b/R29vZ2xl/AVvXsEjExRQATXq2vQQ-JHIY5yxHHOc4Dz7-WIdZNZ5KtPc6pKtSF3fE1sQa1anZkxCGVUiTGH8HPgMX1sA4mKfcKVVFJGCbnZxtARVZ3XgVW62LeudVNe4ZjrXOHcC4B8Qtfye6m11tbebMd9El/s200/Barijho+Antonio+3.jpg,Foto2
Barovero,Marcelo Barovero,Marcelo Alberto Barovero,Posición,FechaNac,LugarNac,Argentina,FechaMuerte,LugarMuerte,Peso,Altura,Atl. Rafaela,Vélez Sarsfield,"Atl. Rafaela,Huracán,Vélez Sarsfield,River Plate,Necaxa (México),Monterrey (México),Burgos (España),Atl. San Luis (México),Banfield",Biografía,https://blogger.googleusercontent.com/img/b/R29vZ2xl/AVvXsEi_nohruxiyKNRPoCHD2FXAgwvkEVdOfTCSjuQh-w9xwuSHN0XaFmBDQcSY_Kp-dF8CVruOjbdQGVoyivU7O55AWjcjLnJw_X8J6KB0_1Jv8IIPA1RwquOvdOF_XQPmWxNRE_mFVNaC7OUM/w400-h600/Barovero+Marcelo.jpg,Foto2
Barrales,Jerónimo Barrales,Jerónimo Barrales,Posición,28/01/1986,LugarNac,Argentina,FechaMuerte,LugarMuerte,Peso,Altura,Unión (Santa Fe),Johor (Malasia),Trayectoria,Biografía,https://blogger.googleusercontent.com/img/a/AVvXsEgqUA24CfQEYivexuWWLWu2FBObrFlZq6l-P90wDotbTk3d8ASpFz7fnbUiH7YuwOE5apqd2IFtECBI34eKBAr6ZHufRe6_OutDzeGJy9m1JxO8BTBqsAZa9eSB7BU575SDRYcvH6wxn2bBm-wM6NuA_u4s4xv3KrhYTjSZ1LLYSC63G2z6K7f6WHGODzQM=w110-h147,Foto2
Barrientos,Hugo Barrientos,Hugo Alberto Barrientos,Posición,03/01/1977,LugarNac,Argentina,FechaMuerte,LugarMuerte,Peso,Altura,Procedencia,Newell's Old Boys (Rosario),Trayectoria,Biografía,https://blogger.googleusercontent.com/img/b/R29vZ2xl/AVvXsEjEWQB3xntP6LuiMeIV61hYfMpr2sX6Vgi03JD_uSsaG-Pj7vuzItgUWI6GbGSUAWTFSp4h10ni5GVTidiwCvJ3T8uQaPZnFnKXEodvr5wsUxhqvfoqNNTsX1UCL6-cqbCEljyYCYQ1lNR5/w237-h270/Barrientos+Hugo.jpg,Foto2
Battaglia,Rodrigo Battaglia,Rodrigo Andrés Battaglia,Posición,12/07/1991,LugarNac,Argentina / Portugal / España,FechaMuerte,LugarMuerte,Peso,Altura,Inferiores,Racing Club,"Huracán,Racing Club,Sp. Braga (Portugal),Moreirense (Portugal),Rosario Central,GD Cháves (Portugal),Sporting Lisboa (Portugal),Alavés (España),Mallorca (España),Mineiro (Brasil),Boca Juniors",Biografía,https://blogger.googleusercontent.com/img/a/AVvXsEjqaLoxW8hLqIKll1IRepjg_ekvC8suEtOsyo-mIJEVQdPSDdLKkddXhtgjGDci5hAsWm_IvRR2WvSLB-28mbU-5_200hQaS5jIdVCFGrK3EpF16va9SNWxfoceCq4A9z6JdOSjtxRlZvAhOb4ZgbZuLit1z3Edk5gX_-ltmzH3sCT_eWUtWjXiXomZn2vA=w113-h151,https://blogger.googleusercontent.com/img/a/AVvXsEhUdNF0nSDVJCtWBUMX9Id4JtrIcoRRexguDrme2kzZ89HRr0qQ6Xef1-gV2MoJEyjTaw3JuKyO3Oiv7eVqOH4jWCpUQgzEItsFNp25kBKQkkFHJgX8Oc2m4yfPlUP4te5Ehck8MXrAPAcz2j5oDNrCc-TnpyS2kmodjZGT37TB0HCBuz5mPAAqJr4k4Adx=w400-h600
Benegas,Leandro Benegas,Leandro Iván Benegas,Posición,27/11/1988,Godoy Cruz (Mendoza),Argentina,FechaMuerte,LugarMuerte,Peso,Altura,River Plate,Destino,"River Plate,Ind. Rivadavia (Mendoza),Huracán,CAI (Cro. Rivadavia),Armenio,Laferrere,Unión La Calera (Chile),Univ. de Chile,Audax Italiano (Chile),Palestino (Chile),Curicó Unido (Chile),Independiente,Colo Colo (Chile),Unión Española (Chile),O’Higgins (Chile)","El 'Tanque' comenzó a jugar en Independiente Rivadavia (2006-09) y de allí pasó a las inferiores de River Plate (2007).  Volvió a su equipo mendocino y luego recaló en Huracán (2009-10). En el campeonato posterior pasó a Comisión de Actividades Infantiles.",https://blogger.googleusercontent.com/img/b/R29vZ2xl/AVvXsEjfY4ntvG-aqJ5OUGiRk5Pjwbp39rVc7j1JosyYkBCdBOhE770RX6pTRgXVWXZVTsc4bEOnVzwM8HFHUGmkpX4PHGdD1eKtPlt9ZbXeLDQ-qHPAqu5BpSrsqcNr4J6qyaKKbpGVCoKM2BFd/w110-h141/Benegas+Leandro+2.JPG,https://blogger.googleusercontent.com/img/b/R29vZ2xl/AVvXsEglp24I6LLLxITm4CG5KhHkWE_GA9w2SGXdM6rSYPjnhyphenhyphenA37jnHagD9Jl64EfEKjMR36fqwVjQn6Ll0Umy0FElPI67lNUDmMXHH6uZPbZ287shKXrDCLWvDZMqTxNswcXTq_3P9VEEfvdjb/w400-h600/Benegas+Leandro.jpg
Beraldi,Gastón Beraldi,Gastón Esteban Beraldi,Posición,FechaNac,LugarNac,Argentina,FechaMuerte,LugarMuerte,Peso,Altura,Platense,Destino,"San Telmo,Nueva Chicago,Quilmes,Barracas Central,Platense,Huracán,Tristán Suárez","El defensor nació el 9 de julio de 1982, en Buenos Aires. Se inició en San Telmo (2000-02), en Primera B, dando el salto a Primera con Nueva Chicago (2002-04). Luego pasó a Quilmes (2004-06) y se dedicó a los campeonatos intercountries hasta que volvió a la AFA con Barracas Central (2006-07) y su figura reapareció con Platense (2007-08). Luego recaló en Huracán (2008-09), donde fue subcampeón del torneo Clausura de 2009 sin jugar demasiado.",https://blogger.googleusercontent.com/img/a/AVvXsEiQe2y42PqFmnQADPlcI7xLHJrCmcRzpqeZ5J8BoXKCXD2DYNdl8ORteIFiUKs0tyXrzRz2yGhQt4e3SdyaxWaLaCj7Q2ZUWg4DRkBq5H0r-JhTc_AENjLZMAxPmjNcjU58LIhW-x-6N_2cHH0i51sDOMocu2t1K03O8xk4vhVkWjPaJiYO0rTYRHGlva9-=w132-h131,https://blogger.googleusercontent.com/img/b/R29vZ2xl/AVvXsEhkxE5SA1-PUZDfkoYuhpBmc8YPrbCKXW7kJR6Kwg2p3oYiPm2TA6Qy11S9HCrMKn206Zrq52yBzdsOintfcvb16Kil-XuIbJUkmIQQoBoGAjvR_OeW26865NGwpe5WuTf2Wmdlt5FkzYjJ/w400-h600/BERALDI+-+2009+.jpg
Bilotti,Bruno Bilotti,Bruno Nahuel Bilotti,Posición,FechaNac,LugarNac,Argentina,FechaMuerte,LugarMuerte,Peso,Altura,Inferiores,Destino,Trayectoria,Biografía,Foto1,Foto2
Bogado,Mauro Bogado,Mauro Ezequiel Bogado,Posición,FechaNac,LugarNac,País,FechaMuerte,LugarMuerte,Peso,Altura,San Martín (San Juan),Destino,Trayectoria,Biografía,Foto1,Foto2
Bolatti,Mario Bolatti,Mario Ariel Bolatti,Posición,FechaNac,LugarNac,Argentina,FechaMuerte,LugarMuerte,Peso,Altura,Porto (Portugal),Fiorentina (Italia),"Belgrano (Córdoba), Porto (Portugal), Huracán, Fiorentina (Italia), Inter (Brasil), Racing Club, Botafogo (Brasil), Boca Unidos (Corrientes)",Biografía,https://blogger.googleusercontent.com/img/a/AVvXsEgAStBmMNW5icT6cm4bf2urnkq7_jgktwue-BPO1VO-zNcXc5nzg8A2p6bmyGUqpRGBJrOnC7yPOFWBEEJ7xze1lZDEYYSUeIwPatTKUQPz6n6fjNfjxbV5zkGbRHTUybtDN5SZrcK9Igy321oU_ZegT7vTcuA2DX31Nhl0CrvGUktZt_yXonJ-KEWir0Qt=w107-h144,Foto2
Borghello,Iván Borghello,Iván Emiliano Borghello,Posición,FechaNac,LugarNac,Argentina,FechaMuerte,LugarMuerte,Peso,Altura,Procedencia,Destino,Trayectoria,Biografía,https://blogger.googleusercontent.com/img/a/AVvXsEgsokxjsN2qTWtIPHUt3Tx4BHzpvSNAtmgv1Bx2D2r4dMOLhD1FIdul7zX5o5FQ-umpudm2jXMeFytkHEEW-GRUw1GAepHBYUcuE8LUVUhh8i17_gjRYYXvP7lwhyPPo0k1LyvxtV4J-vsGwjcdTbPED118dYlxnkT4gMsfsOQcCbVo6Xbf5AAfKgknlAMI=w108-h144,Foto2
﻿Bottaro,Julián Bottaro,Julián Bottaro,Posición,28/02/1992,LugarNac,Argentina,FechaMuerte,LugarMuerte,Peso,Altura,Inferiores,Destino,Trayectoria,Biografía,https://blogger.googleusercontent.com/img/a/AVvXsEjOI23R25RC9EtPOcyuY93SHbs97byHvGnMqdXoKZJ6l28JS_XYCbIWtl73RSzCA4dhNb2FajfqZOP3-UkMy_maCdEA5R8wzFCdrmui_G8UVW319JOMD8yd1hsK1feEp9cXYDx0OITXcRzkZU8v-htx42LSbJeEGnslucrISb06HYTLuG9OCyR6Vovz2vfy=w108-h144,Foto2
﻿Bouvier,Martín Bouvier,Juan Martín Bouvier,Posición,02/02/1992,LugarNac,Argentina,FechaMuerte,LugarMuerte,Peso,Altura,Inferiores,Armenio,Trayectoria,Biografía,Foto1,Foto2
Brítez Ojeda,Marcos Brítez Ojeda,Marcos Daniel Brítez Ojeda,Posición,FechaNac,LugarNac,Argentina,FechaMuerte,LugarMuerte,Peso,Altura,Racing Club,Destino,Trayectoria,Biografía,https://blogger.googleusercontent.com/img/a/AVvXsEivJGP44M1DqCOZqq5lMA_6l_H2cHR5w7Qk-uUKfl2FIi69kdOPERuPIbDo_baTKjgamjNmmg-l0e7rxbbRcSgXumvgpL15Fsi-LTAVyT2lofNcYoO-RHwDipDIlTK-FVTxIjTRhWG9tAUefWPViS1ka9PjvmVA2qe0T13bQ4R-lYrSeAyVHpdzq-BQGGQd=w109-h146,Foto2
Bruna,Pablo Bruna,Pablo Nicolás Bruna,Posición,FechaNac,LugarNac,País,FechaMuerte,LugarMuerte,Peso,Altura,Unión (Santa Fe),Destino,Trayectoria,Biografía,Foto1,Foto2
﻿Busse,Walter Busse,Nombre,Posición,03/03/1987,LugarNac,Argentina,FechaMuerte,LugarMuerte,Peso,Altura,Independiente,Defensa y Justicia,Trayectoria,Biografía,https://blogger.googleusercontent.com/img/a/AVvXsEjN6wle51P3cggim-0LfJbzTGVnJf82RUg6OBd2yD6COI6Qnb7BVnUqKYK1FYEpmhGzRSQr_mkMDn9cejxRIB-1Ye2gCRvZ7lAj1AbT0XGh0bLoHyf_CxetK58cOhxhiep2i_GtCTwrdh455vUQDIhzg3sUOYHLgEFd5g9-Uv2n3oXr8kEkyFQAbE94ikI6=w105-h142,Foto2
Bustos,Jonathan Bustos,Jonathan Bustos,Volante izquierdo,29/06/1994,Buenos Aires,Argentina / Indonesia,FechaMuerte,LugarMuerte,Peso,Altura,Inferiores,Platense,"Huracán,Platense,Larisa (Grecia),Melgar (Perú),Borneo FC (Indonesia),Sleman (Indonesia),Al Quwa Al Jawiya (Irak),Malut United (Indonesia),Persela (Indonesia)","Quedó libre de Boca Juniors a temprana edad pero al probar suerte en Huracán demostró ser un gran talento.  A los quince años pasó a entrenar en 1° división de la mano de Rivoira, lo que le dio la chance de practicar también con la Selección argentina Sub-20.  En forma profesional debutó ante Gimnasia, en 2011.  Por diversos motivos y a pesar de mostrar buenas condiciones no logró afianzarse nunca como titular.  En 2015 pasó a préstamo a Platense, que jugaba en la 1° 'B' Metropolitana. Luego pasó a préstamo al Larisass de Grecia, Melgar de Perú y actualmente se desempeña en el Borneo.",https://blogger.googleusercontent.com/img/a/AVvXsEjyYdwjo5069FyGxFElww8annOpBfSQtd8NBuL8UNT1Puc5ARktTEOTY3n7Kga9SLdAjjR2Rf5KkljQATnBIVw1z4Kj0WvHrTELARD_Oe2W3lS_qraAxQHevX5F2iZtAVDO7fVDksYv564_-5FhhvwMSqfliLr3lyedLUmoUhrv2HQ7CWr3OA9wJkeRDgKA=w104-h139,https://blogger.googleusercontent.com/img/a/AVvXsEi38MUNknyiCzAH1xUuAgRSfGdXaKtTVza61w_FspQmFU_skzizs-KklcPu-edLfk4mp-GdpgjqHZfH44yXGwiH89Yi7BDF4nhzSfr8gu1eWcmAid7hjJOzZ0doT1vxweJwmZyiiAFw7Gk9kozLrCSuvOR-WmAZgtBb3d_ZGWT8c-Na0nbYTYDyAtbN_6Jt
﻿Calviño,Lucas Calviño,Lucas Calviño,Arquero,FechaNac,LugarNac,Argentina,FechaMuerte,LugarMuerte,Peso,Altura,Club Almagro,Destino,Trayectoria,Biografía,https://blogger.googleusercontent.com/img/a/AVvXsEhhRCcgEsfJJ8wWGrHJBqIwJ3ADV4oVnk-HEpgHEc7jrYh3eM9jYeePrAQe5P9FA0nJhy83Dtu9uML_W-sklAEpLD9mL1nDoMFkuelPz-P2YOuCAhHknfJnKmIi5qh6l9-vDhkAJDhk-sgikTztCuGJEJGntBhSGerD3PEXAdcHAEgbx58tBoPr43jyEB4z=w137-h183,Foto2
Campana,Lucas Campana,Lucas Ariel Campana,Posición,FechaNac,LugarNac,Argentina,FechaMuerte,LugarMuerte,Peso,Altura,Inferiores,La Serena (Chile),Trayectoria,Biografía,Foto1,Foto2
Cámpora,Javier Cámpora,Javier Cámpora,Posición,07/01/1980,Rosario (Santa Fe),Argentina,FechaMuerte,LugarMuerte,Peso,Altura,Colo Colo (Chile),Racing Club,"Rosario Central, Fénix (Uruguay), Dep. Concepción (Chile), Tiro Federal (Rosario), Cruz Azul (México), Jaguares (México), Puebla (México), Aris Salonica (Grecia), Colo Colo (Chile), Huracán, Racing Club, All Boys, Veria FC (Grecia)",Biografía,https://blogger.googleusercontent.com/img/a/AVvXsEiEgwinun7Ah-6nncji2A8ogJ_g0TQ0Nns4stYP0XBssiZ8Od2srtoXO4-NkNmrRTNCSvxJgwY0QSu2Wla9gQy40tHhDaDLNHrJgEiwGZWfPiTYiV2q-IdSX3mzUCLcSeOtdC8R8XZ3ADLr5967lqNQscmTscUyFiV7p2NLEdVvo4q3fKcKAbKReCDLgj6N=w143-h191,Foto2
﻿Capurro,Alejandro Capurro,Alejandro Pablo Capurro,Posición,FechaNac,LugarNac,Argentina,FechaMuerte,LugarMuerte,Peso,Altura,Procedencia,Destino,"Colón (Santa Fe),Sakaryaspor (Turquía),Gimnasia (La Plata),Argentinos Juniors,Huracán,Aldosivi,Excursionistas,Gutiérrez (Mendoza),Dep. Maipú (Mendoza),Boxing (Río Gallegos),Puerto San Martín (Santa Fe)",Biografía,https://blogger.googleusercontent.com/img/a/AVvXsEi92aUQb8hQg-kT6Kl7Cc4ZFxqC7MRTdiAInxlWmUZ5_E4nd5MfGoinfGuT1fJErzKfyapriiBbYlealZz3wSNhot22fwlNYXs6t4u1vmhPv8CAp45FC45TFs33GtZr6P-9fFESZSmza1Z9KFJtCRSSQcP-1DebJ8sPdY_aG5A7ZpwcHjrWQp0dfG9UFrim=w135-h181,Foto2
Carrera,Santiago Carrera,Santiago Nicolás Carrera,Posición,FechaNac,LugarNac,Uruguay,FechaMuerte,LugarMuerte,Peso,Altura,Sud América (Uruguay),Liverpool (Uruguay),Trayectoria,Biografía,Foto1,Foto2
﻿Carrizo,Juan C Carrizo,Juan Carlos Carrizo,Posición,FechaNac,LugarNac,Argentina,FechaMuerte,LugarMuerte,Peso,Altura,Olimpo (Bahía Blanca),Destino,Trayectoria,Biografía,https://blogger.googleusercontent.com/img/a/AVvXsEiU9ExJaCMT7YbwDYt83K9NvJxvDZBfgZ2pnvorQpx5h5-GberH2tHACATFGX2Zk-3OQ59UYa2qUSKvAc8gOGw2K-zWOFxAj2KPpLNS8hMN90JiTeuahHpA3alzLnFHh5gQl1mmFgFU8zfIsGoKto18xUM1OIba-DQvS2uPeHK7o0ZYDSvvqequSSEfBqNm=w136-h182,Foto2
﻿Caruso,Leandro Caruso,Leandro Caruso,Posición,FechaNac,LugarNac,Argentina,FechaMuerte,LugarMuerte,Peso,Altura,Procedencia,Destino,Trayectoria,Biografía,https://blogger.googleusercontent.com/img/a/AVvXsEhwkm2rZiJRTRwVl6-9_EbsW3guzVSSobJjs3veZrupRgigxUWpmG6lZYTSOygOgieAQV_NyKz-RQfF3JkKF92wzkR8u3bmdA5icbD-b0159LcB05k1Y3ZcEhquNCdb4lsk3lJmWePQANLxg5yxZ0EAkjsfprXKQgFuyBJAFp1pJijrOlvz_xaKDBAhe6MP=w144-h192,Foto2
﻿Casais,Sergio Casais,Sergio Exequiel Casais,Posición,29/04/1993,LugarNac,Argentina,FechaMuerte,LugarMuerte,Peso,Altura,Inferiores,Dep. Laferrere,Trayectoria,Biografía,https://blogger.googleusercontent.com/img/a/AVvXsEiyvVYqcBLAnE-YHrRDqKfsm1ncjOlbXWZnWf1BDGeJuQ0QWqvY5mDLSIgPsh6XidrZcijz55hp55T15hH8cK2Rx_e902GkhEbHMNlSm-yKbSGDDzU-OTrBp7B1K4L08RLRbRu86rkAV13r5_aSmXZSr01mnELeTmxtnSwji3sKq6JglM0BZ8Hl1aZ6shS-=w138-h184,Foto2
﻿Casartelli,Carlos Casartelli,Carlos David Casartelli,Posición,FechaNac,LugarNac,Argentina,FechaMuerte,LugarMuerte,Peso,Altura,Indios (México),Destino,Trayectoria,Biografía,Foto1,Foto2
Castillo,Germán Castillo,Germán Pablo Castillo,Posición,FechaNac,LugarNac,Argentina,FechaMuerte,LugarMuerte,Peso,Altura,Dep. Cuenca (Ecuador),Destino,Trayectoria,Biografía,Foto1,Foto2
Castro,Alexis Castro,Alexis Nicolás Castro,Posición,FechaNac,LugarNac,Argentina,FechaMuerte,LugarMuerte,Peso,Altura,Al Ahli (Emiratos Árabes),Destino,Trayectoria,Biografía,https://blogger.googleusercontent.com/img/a/AVvXsEjamgGN5ndRDRX9v5pGEvYrq1PLyotlfSWZ9xaTMrFkxYfb6qyYKCO_-7WLJW8t6t3TgjPK6bWS8MIeGNDBMfl_9iWtfHkSXT-gs6DqY70JQYkAsftICB7PbEfOkli-n-qqGRjfMDJAPicdOOO6WqPTbeC8-JqSlEk_ICdR5H_uFHuw1UqzBj66gwJV-e8m,Foto2
Cellay,Christian Cellay,Christian Ariel Cellay,Posición,FechaNac,LugarNac,Argentina,FechaMuerte,LugarMuerte,Peso,Altura,Procedencia,Estudiantes (La Plata),Trayectoria,Biografía,https://blogger.googleusercontent.com/img/b/R29vZ2xl/AVvXsEgDOXFs5Hv0mw_P7VqfMVUAZ2cEeuOIxVMaVQqaheMtGc35V7AW7mqrnV6Kz9ufGjAuvFUI689q7I60-cQeK9I8gePNXBx9oNFQU0Ssuj0XGSHjDBYHP7RJNDx1dammdRZ9G3ZsrR3svr3N/s400/Cellay.jpg,Foto2
﻿Chacón,Santago Chacón,Santiago Chacón,Posición,30/05/1992,LugarNac,Argentina,FechaMuerte,LugarMuerte,Peso,Altura,Inferiores,Destino,Trayectoria,Biografía,Foto1,Foto2
﻿Chiviló,Franco Chiviló,Franco Axel Chiviló,Posición,FechaNac,LugarNac,Argentina,FechaMuerte,LugarMuerte,Peso,Altura,Procedencia,Destino,Trayectoria,Biografía,Foto1,Foto2
﻿Clara,Gino Clara,Gino Agustín Clara,Posición,FechaNac,LugarNac,Argentina,FechaMuerte,LugarMuerte,Peso,Altura,Inferiores,Destino,Trayectoria,Biografía,Foto1,Foto2
Cólzera,Ariel Cólzera,Ariel Adrián Cólzera,Posición,FechaNac,LugarNac,Argentina,FechaMuerte,LugarMuerte,Peso,Altura,Atl. Rafaela,Destino,Trayectoria,Biografía,Foto1,Foto2
﻿Correale,Leonardo Correale,Andrés Leonardo Correale,Posición,17/01/1994,LugarNac,Argentina,FechaMuerte,LugarMuerte,Peso,Altura,Inferiores,UAI Urquiza,Trayectoria,Biografía,Foto1,Foto2
Coyette,Walter Coyette,Walter Gastón Coyette,Posición,FechaNac,LugarNac,Argentina,FechaMuerte,LugarMuerte,Peso,Altura,Procedencia,Destino,Trayectoria,Biografía,https://blogger.googleusercontent.com/img/b/R29vZ2xl/AVvXsEi42u1zZ8xt58B3OyvosWrMZrNRAeofJGYgU_tp5ilYCeWWmKJuQ5a94mIyTTcbhlHRDExEYjtZFBipfE8jC-5BhyPn6fPTrsAqqHCKxALkyKFaK8Um187SwLVLTLTDQ7d-NU5GqTTOcfpn/s1600/GASTON+COYETTE.jpg,Foto2
Cuesta,Víctor Cuesta,Víctor Cuesta,Posición,FechaNac,LugarNac,Argentina,FechaMuerte,LugarMuerte,Peso,Altura,Procedencia,Destino,Trayectoria,Biografía,Foto1,Foto2
﻿Cura,Kevin Cura,Kevin Eric Cura,Posición,03/10/1990,LugarNac,Argentina,FechaMuerte,LugarMuerte,Peso,Altura,Inferiores,Destino,Trayectoria,Biografía,Foto1,Foto2
﻿Danelón,Alexis Danelón,Alexis Raúl Danelón,Posición,06/01/1986,LugarNac,Argentina,FechaMuerte,LugarMuerte,Peso,Altura,Boca Unidos (Corrientes),Boca Unidos (Corrientes),Trayectoria,Biografía,Foto1,Foto2
Daneri,Esteban Daneri,Esteban Javier Daneri Grosso,Arquero,21/05/1991,Villa Bosch (Buenos Aires),Argentina,FechaMuerte,LugarMuerte,87,"1,91",Inferiores,Talleres (Córdoba),"Huracán, Talleres (Córdoba)",Biografía,Foto1,Foto2
De Bruno,Nicolás De Bruno,Nicolás Marcelo De Bruno,Posición,FechaNac,LugarNac,Argentina,FechaMuerte,LugarMuerte,Peso,Altura,José Gálvez (Perú),Destino,Trayectoria,Biografía,Foto1,Foto2
Defederico,Matías Defederico,Matías Adrián Defederico,Posición,23/08/1989,LugarNac,Argentina,FechaMuerte,LugarMuerte,Peso,Altura,Procedencia,Destino,Trayectoria,Biografía,https://blogger.googleusercontent.com/img/a/AVvXsEjwLw4gZLVw1dBFYV_Lnv3la4eoxm1y6g8zUe0p_09IacaK4vrFrOIXEnDsZrXjGc67LR-FdSTpQ9_vPhmpNBmkwGmlRaWqhK3IxwdMwYdxQ-l9owngPulCLpWT3PjUKFvvZUItkjDS-_2p0kwhLX99EBZEHMsPV8XoPqfDUWZ2FbRPAn3nTIjfYaDCJVIo,Foto2
Desvaux,Héctor Desvaux,Héctor Desvaux,Posición,FechaNac,LugarNac,Argentina,FechaMuerte,LugarMuerte,Peso,Altura,Gimnasia (Jujuy),Ferro Carril Oeste,Trayectoria,Biografía,Foto1,Foto2
Cristian Díaz,Cristian Díaz,Cristian Leonel Díaz,Posición,FechaNac,LugarNac,Argentina,FechaMuerte,LugarMuerte,Peso,Altura,Procedencia,Arsenal,Trayectoria,Biografía,Foto1,Foto2
Leo Díaz,Leandro J Díaz,Leandro Javier Díaz Borsani,Posición,FechaNac,LugarNac,Argentina,FechaMuerte,LugarMuerte,Peso,Altura,Boca Juniors,Retirado,"Boca Juniors, Murcia (España), Villarreal B (España), Huracán, Univ. Católica (Chile), Quilmes, Once Caldas (Colombia)",Biografía,https://blogger.googleusercontent.com/img/a/AVvXsEjzsx2J-9WABe7WVkTXYBjayENOltx-HdRjqlLY8FW8nqOz5jxa07FJyRxRZ221ef5xcoiSaA42Rf_0g1IGd1S8gM601Dat82q9D0h4FXE9hZbfDGjA6mpdZTN_VVgH7Ro_7gdwtJ8-YeVdi6RC1-I6fxyeds_elwjhFr3z7j0ziqTiKsyhM6eoS5n3DtSX,Foto2
Loco Díaz,Leandro N Díaz,Leandro Díaz,Posición,FechaNac,LugarNac,Argentina,FechaMuerte,LugarMuerte,Peso,Altura,Procedencia,Destino,Trayectoria,Biografía,Foto1,Foto2
﻿Marcos Díaz,Marcos Díaz,Marcos Guillermo Díaz,Arquero,FechaNac,LugarNac,Argentina,FechaMuerte,LugarMuerte,Peso,Altura,Procedencia,Destino,"Colón (Santa Fe),Gimnasia (Jujuy),Huracán,Boca Juniors,Talleres (Córdoba),Santa Clara (Portugal)",Biografía,https://blogger.googleusercontent.com/img/a/AVvXsEia7q2nFv4WcJdUTo6I3_wdtMEfktUbGgrdJxYHRQHQoe_2Jn74OoR_n2vzC8UIkiw6j8BobQne0D6isYTiFbvUBD9fekJWBIZkr3_uSmWeKqOfmH2BSM7PzP527usxfVZYlX4wEoAcETOBkV77SSl3lyex26BaxuhiJ0dDMtbl_T2b8F913IwYOaa1V3Od=w143-h190,Foto2
﻿Rengo Díaz,Rodrigo Díaz,Rodrigo Ezequiel Díaz,Posición,28/08/1981,Moeno (Buenos Aires),Argentina / Chile,FechaMuerte,LugarMuerte,Peso,Altura,Paranaense (Brasil),Destino,"Lanús,Platense,Toluca (México),Independiente,Colón (Santa Fe),Argentinos Juniors,Paranaense (Brasil),Huracán,Ind. Rivadavia (Mendoza),Almirante Brown,Santiago Morning (Chile),Iquique (Chile),Dep. Morón,All Boys",Biografía,Foto1,Foto2
Distéfano,David Distéfano,David Andrés Distéfano,Posición,FechaNac,LugarNac,País,FechaMuerte,LugarMuerte,Peso,Altura,Gimnasia (La Plata),Destino,Trayectoria,Biografía,Foto1,Foto2
﻿Domínguez,Eduardo Domínguez,Eduardo Rodrigo Domínguez,Zaguero,FechaNac,LugarNac,Argentina,FechaMuerte,LugarMuerte,Peso,Altura,Ind. Medellín (Colombia),Destino,"Vélez Sarsfield, Olimpo (Bahía Blanca), Racing Club, Independiente, Ind. Medellín (Colombia), Huracán, Los Angeles Galaxy (Estados Unidos), All Boys, Atl. Rafaela",Biografía,https://blogger.googleusercontent.com/img/a/AVvXsEiZH4uaslOLw0MRne-QDc6fJHajlq3h9JWAW60ROG6Gl3aI4tLfsCKKxar23Yt6ru7ksdiQ08SlGBob0wGHG8sAMRVkthahAUzv-RMzFfRkUaPf4wCtF5CDgOSeNDxmDSKRvBNhmZcMaaTY1wB56qkia5RrpZvv9F0fLckfz7WgW-94zHG1Bg6GmE6iQ651,Foto2
Echeverría,Santiago Echeverría,Santiago Echeverría,Posición,FechaNac,LugarNac,Argentina,FechaMuerte,LugarMuerte,Peso,Altura,Procedencia,Destino,Trayectoria,Biografía,Foto1,Foto2
Erramuspe,Rodrigo Erramuspe,Rodrigo Nahuel Erramuspe,Posición,03/05/1990,LugarNac,Argentina,FechaMuerte,LugarMuerte,Peso,Altura,Unión (Santa Fe),LDU Quito (Ecuador),Trayectoria,Biografía,Foto1,Foto2
﻿Esmerado,Gastón Esmerado,Gastón Rubén Esmerado,Posición,FechaNac,LugarNac,Argentina,FechaMuerte,LugarMuerte,Peso,Altura,Xhanti AO (Grecia),Arsenal,Trayectoria,Biografía,Foto1,Foto2
Espinoza,Cristian Espinoza,Cristian Omar Espinoza,Posición,03/04/1995,San Vicente (Buenos Aires),Argentina,FechaMuerte,LugarMuerte,Peso,Altura,Inferiores,Alavés (España),Trayectoria,Biografía,https://blogger.googleusercontent.com/img/a/AVvXsEjzi_UYWfwsapxVJQQRuPTj86TQCIy7ozJFu3pAASI-UV8dsVX9NCYyssYUicIkCvGUPz0mzYKKECohKsnY0JjncQtykzVs6I4REfhE01jusQQsfAax2vDWEvR2u17zlTUfkiPj_NRESfHVgF3Px3jFeq-Yf59KMYOO6FJoeO_E5smOQLOWfEUNVMuAeLJm,foto2﻿
﻿Favalli,Lucas Favalli,Lucas Gabriel Favalli,Posición,FechaNac,LugarNac,Argentina,FechaMuerte,LugarMuerte,Peso,Altura,Procedencia,Destino,Trayectoria,Biografía,Foto1,Foto2
C Fernández,Cristian Fernández,Cristian Alberto Fernández,Posición,FechaNac,LugarNac,Argentina,FechaMuerte,LugarMuerte,Peso,Altura,Inferiores,Destino,Trayectoria,Biografía,Foto1,Foto2
﻿Fernández,Lucas Fernández,Lucas Fernández,Posición,FechaNac,LugarNac,Argentina,FechaMuerte,LugarMuerte,Peso,Altura,Procedencia,Destino,Trayectoria,Biografía,Foto1,Foto2
﻿JM Fernández,Juan M Fernández,Juan Manuel Fernández,Posición,FechaNac,LugarNac,Argentina,FechaMuerte,LugarMuerte,Peso,Altura,Inferiores,Destino,Trayectoria,Biografía,Foto1,Foto2
Ferrero,Alexis Ferrero,Alexis Javier Ferrero,Defensor central,31/03/1978,Cañada de Gómez (Santa Fe),Argentina,FechaMuerte,LugarMuerte,78,"1,80",River Plate,San Martín (Tucumán),"Ferro Carril Oeste, Racing Club, Atlanta, Tigre, Botafogo (Brasil), Colón (Santa Fe), River Plate, Huracán, Audax Italiano (Chile), San Martín (Tucumán), Central Córdoba (Santiago), Dep. La Serena (Chile), San Martín (San Juan)",Biografía,Foto1,Foto2
Filippetto,Ezequiel Filippetto,Ezequiel Nicolás Filippetto,Posición,FechaNac,LugarNac,Argentina,FechaMuerte,LugarMuerte,Peso,Altura,Inferiores,Destino,Trayectoria,Biografía,Foto1,Foto2
Formica,Lautaro Formica,Lautaro Roque Formica,Posición,FechaNac,LugarNac,Argentina,FechaMuerte,LugarMuerte,Peso,Altura,Godoy Cruz (Mendoza),Destino,Trayectoria,Biografía,Foto1,Foto2
Franzoia,Andrés Franzoia,Andrés Franzoia,Posición,FechaNac,LugarNac,Argentina,FechaMuerte,LugarMuerte,Peso,Altura,Boca Juniors,Arsenal,Trayectoria,Biografía,https://blogger.googleusercontent.com/img/b/R29vZ2xl/AVvXsEhstIP7WnSrp-QY5olfh3-8G-UfH-5IaokSuJUF5xKVsxsNo28KMC56d_-_QRlznv7jNSgDPcDUzaEYhQLrIZCfvEsrHp0FBpk8wraKRMnUakylUFou94gepOPnHxxCxaqwBdu_B-Q4maYU/s320/Franzoia+Andr%25C3%25A9s+1.jpg,https://blogger.googleusercontent.com/img/b/R29vZ2xl/AVvXsEhstIP7WnSrp-QY5olfh3-8G-UfH-5IaokSuJUF5xKVsxsNo28KMC56d_-_QRlznv7jNSgDPcDUzaEYhQLrIZCfvEsrHp0FBpk8wraKRMnUakylUFou94gepOPnHxxCxaqwBdu_B-Q4maYU/s320/Franzoia+Andr%25C3%25A9s+1.jpg
Gallegos,Ezequiel Gallegos,Ezequiel Adrián Gallegos,Posición,16/04/1991,LugarNac,Argentina,FechaMuerte,LugarMuerte,Peso,Altura,Inferiores,Destino,Trayectoria,Biografía,Foto1,Foto2
﻿García,Gonzalo García,Gonzalo Sebastián García,Posición,FechaNac,LugarNac,Argentina,FechaMuerte,LugarMuerte,Peso,Altura,Racing Club,Racing Club,Trayectoria,Biografía,Foto1,Foto2
Gigli,Matías Gigli,Matías Nicolás Gigli,Posición,FechaNac,LugarNac,Argentina,FechaMuerte,LugarMuerte,Peso,Altura,Belgrano (Córdoba),Destino,Trayectoria,Biografía,Foto1,Foto2
﻿Gil Clariotti,Agustín Gil Clariotti,Agustín José Gil Clariotti,Posición,FechaNac,LugarNac,País,FechaMuerte,LugarMuerte,Peso,Altura,Colegiales,Destino,Trayectoria,Biografía,Foto1,Foto2
Giménez,Matías Giménez,Matías Alejandro Giménez,Posición,23/12/1984,LugarNac,Argentina,FechaMuerte,LugarMuerte,Peso,Altura,Belgrano (Córdoba),Olimpia (Paraguay),Trayectoria,Biografía,Foto1,Foto2
﻿Giordano,Matías Giordano,Matías Fernando Giordano,Arquero,11/09/1979,Morón (Buenos Aires),Argentina,FechaMuerte,LugarMuerte,Peso,Altura,Procedencia,Destino,Trayectoria,Biografía,Foto1,Foto2
Goltz,Paolo Goltz,Paolo Duval Goltz,Posición,FechaNac,LugarNac,Argentina,FechaMuerte,LugarMuerte,Peso,Altura,Procedencia,Lanús,Trayectoria,Biografía,https://blogger.googleusercontent.com/img/b/R29vZ2xl/AVvXsEg79dd9IRvM898IPSRWfpRsyf2dBIAlmsoumkSKRzekEKe5rQQrtQKCuUHdqrdrwS8kyFHuU9tE5gp5fXlvQ-_8KWcLGx9eUdpPv_9KA_QyM3SR8RzJOxR0-3N1xwgUB1jqxyJVR0XQbXvW/s400/Goltz+Paolo+3.jpg,Foto2
Gómez,Walter Gómez,Walter Eduardo Gómez,Posición,FechaNac,LugarNac,Argentina,FechaMuerte,LugarMuerte,Peso,Altura,Atl. Rafaela,Destino,Trayectoria,Biografía,https://blogger.googleusercontent.com/img/a/AVvXsEi734h3asV6S0kY0g6Zpgawhp0Vz3MhIQCsSA8Oh_DYrTL2_KAJHD6A5k-gBPIdrFKNJUQgSoD9hUqFvuN67JDK8uAYrsj9wNwl6aF5FyiKH3kz6_PwZZ36IJ3qSnQpq2MpBUaHc2JBON66V6oJ_URQSOKqDbNEGDyK__tL64G6rR4iSwfZRcH_keLJqUUw=w150-h199,Foto2
﻿David González,David González,David Salvador González Giraldo,Posición,FechaNac,LugarNac,Colombia,FechaMuerte,LugarMuerte,Peso,Altura,Rizespor (Turquía),Manchester City (Inglaterra),"Ind. Medellín (Colombia), Dep. Cali (Colombia, Rizespor (Turquía), Huracán, Manchester City (Inglaterra), Leeds United (Inglaterra), Aberdeen (Escocia), Brighton (Inglaterra), Barnsley (Inglaterra), Dep. Pasto (Colombia), Águilas Doradas (Colombia)",Biografía,Foto1,Foto2
H González,Hernán González,Hernán Darío González,Posición,19/03/1983,Moreno (Buenos Aires),Argentina,FechaMuerte,LugarMuerte,Peso,Altura,Italiano,Central Norte (Salta),"Estudiantes BA, Nueva Chicago, Italiano, Huracán, Central Norte (Salta), Almagro, San Telmo",Biografía,Foto1,Foto2
Maestrico González,César González,César Eduardo González,Posición,FechaNac,LugarNac,Venezuela,FechaMuerte,LugarMuerte,Peso,Altura,Colón (Santa Fe),Destino,Trayectoria,Biografía,Foto1,Foto2
Gordillo,Raúl Gordillo,Raúl Eduardo Gordillo,Posición,FechaNac,LugarNac,Argentina,FechaMuerte,LugarMuerte,Peso,Altura,Procedencia,Destino,Trayectoria,Biografía,https://blogger.googleusercontent.com/img/a/AVvXsEiYKmgIW3Ll07s_F3bf1sVZ8pXeBtmKa2-uN7k8ugL5Y38KhUohJ9FNgWxzBTSa7S3z6vJwC4oCxJnos0-Hv1D4HScH-gT5zfb8nLedhLGYqK_RrO-FJraPLWNlwW29URTHgkr--pEIdseCtnlBGN6EU7QVxXdWhhgyiQW17irNbIJy1Fgp8f5gnKsk_UMG=w149-h199,Foto2
﻿Guerra,Claudio Guerra,Claudio Rubén Guerra,Posición,FechaNac,LugarNac,Argentina,FechaMuerte,LugarMuerte,Peso,Altura,Univ. Católica (Chile),Destino,Trayectoria,Biografía,Foto1,Foto2
﻿Hernández,Francisco Hernández,Francisco Hernández,Posición,FechaNac,LugarNac,Argentina,FechaMuerte,LugarMuerte,Peso,Altura,Inferiores,Destino,Trayectoria,Biografía,Foto1,Foto2
﻿Herner,Diego Herner,Diego Armando Herner,Posición,FechaNac,LugarNac,Argentina,FechaMuerte,LugarMuerte,Peso,Altura,Banfield,Destino,Trayectoria,Biografía,Foto1,Foto2
Hereñú,Jonatan Hereñú,Jonatan Emmanuel Hereñú,Posición,FechaNac,LugarNac,Argentina,FechaMuerte,LugarMuerte,Peso,Altura,Newell's Old Boys (Rosario),Destino,Trayectoria,Biografía,Foto1,Foto2
﻿Islas,Daniel Islas,Daniel Alejandro Islas,Arquero,19/02/1979,LugarNac,Argentina,FechaMuerte,LugarMuerte,88,"1,83",Tigre,Unión (Santa Fe),Trayectoria,Biografía,Foto1,Foto2
﻿Jerez,Pablo Jerez,Pablo Ezequiel Jerez,Posición,FechaNac,LugarNac,Argentina,FechaMuerte,LugarMuerte,Peso,Altura,Tigre,Olimpo (Bahía Blanca),Trayectoria,Biografía,Foto1,Foto2
Kato,Yusuke Kato,Yusuke Kato,Posición,FechaNac,LugarNac,Japón,FechaMuerte,LugarMuerte,Peso,Altura,Procedencia,Destino,Trayectoria,Biografía,https://blogger.googleusercontent.com/img/b/R29vZ2xl/AVvXsEiX9QdZOjSImHKq6k6i8m5iP37QbMHMsYeb6lPlICKPh57KKo-KF-5PFmmUfSk9EUo-mkPStXvjoKBYRoNo9iZYg_01iKl7Mwwh1L2To9g2Y4KXctbmuRt_J4I4Ki7Ve5SWg3QujCoR0mwJ/w207-h200/Kato+Yosuke.jpg,Foto2
﻿Kuszko,Leandro Kuszko,Leandro Rodrigo Kuszko,Posición,06/02/1990,LugarNac,Argentina,FechaMuerte,LugarMuerte,Peso,Altura,Marcílio Dias (Brasil),Platense,Trayectoria,Biografía,Foto1,Foto2
Lanaro,Germán Lanaro,Germán Andrés Lanaro,Posición,FechaNac,LugarNac,Argentina,FechaMuerte,LugarMuerte,Peso,Altura,Procedencia,Destino,Trayectoria,Biografía,https://blogger.googleusercontent.com/img/a/AVvXsEjby7VZBCNMZKY_WL9WBaAD-oj7igpad3haYQvZ07UuAtQjp_SFKpmmpdpwi4Z4M5EnnmpIiE_KaHbTSHPSx43MJUl2qMjaum00UvysFDnBw7Pmm31wF3JD8isEsmDQO5TD4NkFPRvfgo5zAkQ3_8O5aHRyzdpZvCXI12EPLI1rzVG-6FHDhx3805oRa9fY,Foto2
﻿Laurito,Federico Laurito,Federico Raúl Laurito,Posición,FechaNac,LugarNac,Argentina / Ecuador,FechaMuerte,LugarMuerte,Peso,Altura,Venezia (Italia),Destino,"Newell's Old Boys (Rosario),Udinese (Italia),Livorno (Italia),Venezia (Italia),Huracán,Empoli (Italia),Dep. Cuenca (Ecuador),Univ. Católica (Ecuador),Barcelona (Ecuador),Arsenal,Unión La Calera (Chile),Gualaceo SC (Ecuador),Fuerza Amarilla (Ecuador),Aucas (Ecuador),América (Ecuador),LDU Portoviejo (Ecuador),Ind. Medellín (Colombia)",Biografía,Foto1,Foto2
Leiva,Cristian Leiva,Cristian Gustavo Leiva,Posición,FechaNac,LugarNac,Argentina,FechaMuerte,LugarMuerte,Peso,Altura,Defensa y Justicia,Banfield,"Banfield, Cruz Azul (México), Gimnasia (La Plata), Anderlecht (Bélgica), Charleroi (Bélgica), Olimpia (Paraguay), Godoy Cruz (Mendoza), San Lorenzo de Almagro, Arsenal, Defensa y Justicia, Huracán, Américo Tesorieri (La Rioja), Atl. Chilecito (La Rioja)",Biografía,Foto1,Foto2
Lemos,Rodrigo Lemos,Rodrigo Nahuel Lemos,Posición,FechaNac,LugarNac,Uruguay,FechaMuerte,LugarMuerte,Peso,Altura,Inferiores,Chacarita Juniors,"Huracán, Chacarita Juniors, Dep. Morón",Biografía,Foto1,Foto2
Lencina,Emiliano Lencina,Emiliano Josué Lencina,Posición,FechaNac,LugarNac,Argentina,FechaMuerte,LugarMuerte,Peso,Altura,Inferiores,Destino,Trayectoria,Biografía,Foto1,Foto2
﻿Limia,Alejandro Limia,Oscar Alejandro Limia,Posición,FechaNac,LugarNac,Argentina,FechaMuerte,LugarMuerte,Peso,Altura,Cádiz CF (España),América (Colombia),"Lanús,Badajoz (España),Arsenal,Cádiz FC (España),Huracán,América (Colombia),Unión (Santa Fe)",Biografía,Foto1,Foto2
Llesona,Ezequiel Llesona,Adrián Ezequiel Llesona,Defensor central,28/10/1990,Bariloche (Río Negro),Argentina,FechaMuerte,LugarMuerte,Peso,Altura,Inferiores,Huracán (Cro. Rivadavia),"Huracán, Huracán (Cro. Rivadavia), CAI (Cro. Rivadavia), Florentino Ameghino (Cro. Rivadavia)",Biografía,Foto1,Foto2
Emiliano López,Emiliano López,Emiliano Martín López,Posición,FechaNac,LugarNac,Argentina,FechaMuerte,LugarMuerte,Peso,Altura,Inferiores,Destino,Trayectoria,Biografía,Foto1,Foto2
Pony López,Pablo López,Pablo Darío López,Posición,04/06/1982,Lomas de Zamora (Buenos Aires),Argentina,FechaMuerte,LugarMuerte,Peso,Altura,Wanderers (Chile),Banfield,"Español, CAI (Cro. Rivadavia), Dep. Cuenca (Ecuador), San Martín (Mendoza), Chacarita Juniors, San Martín (Tucumán), Wanderers (Chile), Huracán, Banfield, San Martín (San Juan), Audax Italiano (Chile)",Biografía,Foto1,Foto2
﻿Machin,Gastón Machin,Gastón Machin,Posición,FechaNac,LugarNac,Argentina,FechaMuerte,LugarMuerte,72,"1,74",Independiente,Patronato (Paraná),"Argentinos Juniors,Independiente,Newell's Old Boys (Rosario),Huracán,Patronato  (Paraná),Instituto (Córdoba),Burgos CF (España)",Biografía,Foto1,Foto2
Maciel,Francisco Maciel,Francisco Maciel,Posición,FechaNac,LugarNac,Argentina,FechaMuerte,LugarMuerte,Peso,Altura,Racing Club,Retirado,"Yupanqui,Español,Almagro,Racing Club,Real Murcia (España),Mallorca (España),Huracán",Biografía,Foto1,Foto2
Chaco ﻿Maidana,Cristian Maidana,Cristian Omar Maidana,Posición,FechaNac,LugarNac,Argentina / Estados Unidos,FechaMuerte,LugarMuerte,Peso,Altura,Spartak Moscú (Rusia),Rangers (Chile),"Banfield,Spartak Moscú (Rusia),Recreativo (España),Huracán,Rangers (Chile),Atlante (México),Argentinos Juniors, Philadelphia Union (Estados Unidos), Houston Dynamo (Estados Unidos), Al Ahli (Katar), Águilas Doradas (Colombia), Dep. Capiatá (Paraguay), Alagoano (Brasil), Olimpia (Honduras), Cobresal (Chile), Boca Unidos (Corrientes), Los Andes, Tembetary (Paraguay), Arg. de Quilmes",Biografía,Foto1,Foto2
﻿Maidana,Gerardo Maidana,Gerardo Omar Maidana,Posición,07/05/1988,LugarNac,Argentina,FechaMuerte,LugarMuerte,Peso,Altura,Inferiores,Destino,"Huracán,Almagro,Liniers,Ferrocarril Midland",Biografía,Foto1,Foto2
Malbernat,Rodrigo Malbernat,Rodrigo Malbernat,Posición,FechaNac,LugarNac,Argentina,FechaMuerte,LugarMuerte,Peso,Altura,Acassuso,Juventud Unida (San Luis),"Dep. Morón,Acassuso,Huracán,Juventud Unida (San Luis),San Martín (Tucumán),Ind. Rivadavia (Mendoza),All Boys,Talleres RE,El Porvenir,Dock Sud,Español",Biografía,Foto1,Foto2
Mancinelli,Federico Mancinelli,Nombre,Posición,08/05/1982,LugarNac,Argentina,FechaMuerte,LugarMuerte,78,"1,80",Olimpo (Bahía Blanca),Patronato (Paraná),"Tiro Federal (Bahía Blanca),Rosario PB (Bahía Blanca),Villa Mitre (Bahía Blanca),Olimpo (Bahía Blanca),Mérida (México),Real Potosí (Bolivia),Huracán,Patronato (Paraná),Sarmiento (Junín),Guillermo Brown (Chubut)",Biografía,https://blogger.googleusercontent.com/img/a/AVvXsEjep1Bw8ubWdqc8yksunZeJRPnc7V8_f66YTrr1ygFa8DmXTyZi4kBGLYrji7fN9sxD4Ng8V7QnyplC55cnnFrHpNRK9JmadwirPS72y69gWBClv3b01kA05AEKh7SFlf5NVgYVh5OlI_-dQTa2QpB7uiRTyzCMke0M4kCTDRygXb0VnAfxPcv_-KR5zODf,Foto2
﻿Mandarino,Germán Mandarino,Germán Mandarino,Posición,FechaNac,LugarNac,Argentina,FechaMuerte,LugarMuerte,Peso,Altura,Procedencia,Destino,Trayectoria,Biografía,Foto1,Foto2
﻿Manrique,Matías Manrique,Matías Enrique Manrique,Posición,FechaNac,LugarNac,Argentina,FechaMuerte,LugarMuerte,Peso,Altura,Peñarol (Uruguay),Ñublense (Chile),"Independiente, Arsenal, Danubio (Uruguay), Peñarol (Uruguay), Huracán, Ñublense (Chile), Leonardo Murialdo (Mendoza), Andes Talleres (Mendoza), Dep. Maipú (Mendoza)",Biografía,Foto1,Foto2
﻿Marinelli,Gonzalo Marinelli,Gonzalo Marinelli,Arquero,07/07/1989,Gral. Sarmiento (Buenos Aires),Argentina,FechaMuerte,LugarMuerte,Peso,Altura,Procedencia,Destino,Trayectoria,Biografía,Foto1,Foto2
Matías Martínez,Matías Martínez,Matías Alejandro Martínez,Posición,16/08/1992,Lanús (Buenos Aires),Argentina,FechaMuerte,LugarMuerte,Peso,Altura,Inferiores,Retirado,"Huracán",Biografía,Foto1,Foto2
Pity Martínez,Gonzalo Martínez,Gonzalo Nicolás Martínez,Posición,13/06/1993,Guaymallén (Mendoza),Argentina,FechaMuerte,LugarMuerte,Peso,Altura,Inferiores,River Plate,"Huracán, River Plate, Atlanta United (Estados Unidos), Al Nassr (Arabia)",Biografía,https://blogger.googleusercontent.com/img/a/AVvXsEiyVHAmrw3yk_ZOemIHJZL0VQOm6EjVEGFYt1zm10KNHbz-jUwDwNtiBVUdrpz7F9Rgc3JKxtSyFZh5Sb1LDvinV14DppP7OYntSTKmQrrsprUf4vII3LpBGklOJxnrUga_fcR94ISGFEa5b8GD3yWexjDTGvG7o3nWgyp6bKTNoYk1KdPWTbr0_n8z2DNK,Foto2
Mariano Martínez,Mariano Martínez,Mariano Matías Martínez,Posición,29/01/1979,Buenos Aires (Capital Federal),Argentina,FechaMuerte,LugarMuerte,Peso,"1,80",Arsenal,Aldosivi (Mar del Plata),"Atlanta,Gral. Belgrano (La Pampa),Los Andes,Platense,Almirante Brown (Arrecifes),Rangers (Chile),Atl. Maracaibo (Venezuela),Aris Salonica (Grecia),Unión (Santa Fe),Chacarita Juniors,Almagro,Olimpo (Bahía Blanca),Argentinos Juniors,Arsenal,Huracán,Aldosivi (Mar del Plata),Atl. Tucumán,Dep. Morón,Comunicaciones,Dep. Laferrere,Argentino de Quilmes",Biografía,Foto1,Foto2
﻿Dani Medina,Daniel Medina,Daniel Adolfo Medina,Posición,03/05/1989,Buenos Aires (Capital Federal),Argentina,FechaMuerte,LugarMuerte,Peso,Altura,Inferiores,Huracán (Tres Arroyos),"Huracán,Huracán (Tres Arroyos),Luján,Mitre (Santiago),Sarmiento (Santiago),25 de Mayo (La Pampa)",Biografía,Foto1,Foto2
Leo Medina,Leonardo Medina,Leonardo Andrés Medina Gutiérrez,Posición,30/05/1977,Montevideo (Uruguay),Uruguay,FechaMuerte,LugarMuerte,Peso,"1,78",Dep. Pereira (Colombia),Oriente Petrolero (Bolivia),"Sud América (Uruguay),Rentistas (Uruguay),Real Cartagena (Colombia),Dep. Colonia (Uruguay),Liverpool (Uruguay),Jaguares (México),Audax Italiano (Chile),Pereira (Colombia),Huracán,Oriente Petrolero (Bolivia),Cienciano (Perú),Miramar Misiones (Uruguay),Cerro (Uruguay),Rampla Juniors (Uruguay)","El delantero surgió en Sud América de su país (1998-99), pasando luego por Rentistas (1999-2000) y Real Cartagena -Colombia- (2001-02).  Volvió a Uruguay con Dep. Colonia (2002-04), Liverpool (2004-06) y continuó en Jaguares -México- (2006-07), Audax Italiano Chile- (2007) y Pereira -Colombia- (2008).  En Huracán (2008-09) participó del equipo que obtuvo el subcampeonato del Clausura 2009, jugando ocho partidos y anotando un gol.",Foto1,Foto2
Mendoza,Franco Mendoza,Franco Daniel Mendoza,Posición,18/08/1981,Sunchales (Santa Fe),Argentina,FechaMuerte,LugarMuerte,Peso,"1,79",Atlante (México),Olimpia (Paraguay),"Atl. Rafaela,Banfield,Godoy Cruz (Mendoza),Atlante (México),Huracán,Olimpia (Paraguay)Emelec (Ecuador),Total Chalaco (Perú),Arsenal,Gimnasia (La Plata),Ramón Santamarina (Tandil),Libertad (Paraguay),Gimnasia y Tiro (Salta),Ben Hur (Rafaela),Colegiales,Mitre (Santiago)",Biografía,https://blogger.googleusercontent.com/img/b/R29vZ2xl/AVvXsEibJov80jFEjMD6zW2p3plD9s-iASVhpMPpKTsukUafX1aFDiJp-xGxINS_98y55RUOdLzISeavZkMWCHhyDatwGAljmHxK8S2SIRbBSwo0MZejebhMIggnHXRwdDMU75ZVHYCfNmigw2l5/s400/Mendoza.jpg,Foto2
﻿Meza Sánchez,Sergio Meza Sánchez,Sergio Sebastián Meza Sánchez,Posición,FechaNac,LugarNac,Argentina,FechaMuerte,LugarMuerte,Peso,Altura,Almirante Brown,Quilmes,"Vélez Sarsfield,Atlanta,Almirante Brown,Huracán,Quilmes,Ferro Carril Oeste,El Porvenir",Biografía,Foto1,Foto2
﻿Milla,Cristian Milla,Cristian Humberto Milla,Posición,09/06/1984,Buenos Aires (Capital),Argentina,FechaMuerte,LugarMuerte,Peso,Altura,Procedencia,Destino,Trayectoria,Biografía,Foto1,Foto2
﻿Minici,Nicolás Minici,Nicolás Guillermo Minici,Posición,23/08/1984,LugarNac,Argentina,FechaMuerte,LugarMuerte,Peso,Altura,Gimnasia (Jujuy),Guaraní A. Franco (Posadas),Trayectoria,Biografía,Foto1,Foto2
Milano,Mauro Milano,Mauro Ramiro Milano,Posición,18/01/1984,LugarNac,Argentina / Grecia / Bolivia,FechaMuerte,LugarMuerte,Peso,Altura,Inferiores,San Martín (San Juan),"Huracán,Querétaro (México),Asteras Tripolis (Grecia),Iraklis (Grecia),Defensa y Justicia,San Martín (San Juan),All Boys,Royal Pari (Bolivia),Gran Mamoré (Bolivia)",Biografía,Foto1,Foto2
Miralles,Ezequiel Miralles,Ezequiel Nicolás Miralles,Posición,FechaNac,LugarNac,País,FechaMuerte,LugarMuerte,Peso,Altura,Everton (Chile),Destino,Trayectoria,Biografía,Foto1,Foto2
Montenegro,Daniel Montenegro,Daniel Gastón Montenegro,Posición,FechaNac,LugarNac,Argentina,FechaMuerte,LugarMuerte,Peso,Altura,Independiente,Destino,Trayectoria,Biografía,Foto1,Foto2
Montiglio,César Montiglio,César Ariel Montiglio,Posición,FechaNac,LugarNac,Argentina,FechaMuerte,LugarMuerte,Peso,Altura,Atl. Tucumán,Atl. Tucumán,"Atl. Tucumán,Huracán,Sarmiento (Junín),Mitre (Santiago),Juventud Antoniana (Salta),Concepción FC (Tucumán),San Jorge (Tucumán),Güemes (Santiago),Atl. Concepción (Tucumán)",Biografía,Foto1,Foto2
Monzón,Gastón Monzón,Gastón Ezequiel Monzón,Arquero,13/05/1989,LugarNac,Argentina,FechaMuerte,LugarMuerte,82,"1,83",Inferiores,San Marcos (Chile),"Huracán, San Marcos (Chile), Tristán Suárez, Armenio, Excursionistas, Gral. Lamadrid, San Martín de Burzaco, Dock Sud, Fénix",Biografía,https://blogger.googleusercontent.com/img/b/R29vZ2xl/AVvXsEh4BvtPpfC70pL6jD_FfwlScF3IjX6GScJoUe7yTlww36HSSiauKxQsjSkOn2jkB6N7QFfOOuJMKkn_2zs7vn28EqTAooGWAV5crvAmcu36QqGAOBluNg-QWVGs0_vmwFWjRd3TAP54-b98/w326-h490/Monz%C3%B3n+Gast%C3%B3n+1.jpg,Foto2
Matute Morales,Ángel Morales,Ángel Alejandro Morales,Posición,FechaNac,LugarNac,Argentina,FechaMuerte,LugarMuerte,Peso,Altura,Nacional (Uruguay),Retirado,"Independiente, Platense, Sampdoria (Italia), Mérida (España), Racing Club, Cruz Azul (México), Veracruz (México), Dorados (México), Banfield, Olimpo (Bahía Blanca), Nacional (Uruguay), Huracán",Biografía,Foto1,Foto2
﻿Moreno y Fabianesi,Iván Moreno Fabianesi,Iván Diego Moreno y Fabianesi,Posición,04/06/1979,Badajoz (España),España,FechaMuerte,LugarMuerte,Peso,Altura,Procedencia,Destino,Trayectoria,Biografía,Foto1,Foto2
Nadal,Iván Nadal,Iván Ezequiel Nadal,Posición,FechaNac,LugarNac,Argentina,FechaMuerte,LugarMuerte,Peso,Altura,Def. de Belgrano,Ventpils (Letonia),"Def. de Belgrano,Huracán,Ventspils (Letonia),Aldosii (Mar del Plata),Platense,San Miguel,Colegiales",Biografía,https://blogger.googleusercontent.com/img/a/AVvXsEjdzcmbyXdfycO1pHHEi5-qDlgZ8ZOCMYSETLMnsQP_zNlvNrXv-na09M4PNkwChYTy7vSTzqKQAIYBopcEqCu7f972aK4L55jpIkF5K_skm_uO67yoo3rGmdO7oOFqKoWXEBoaIIxQ9ajzXLrXVYT0NypwENV97ssW9GRyet8WqiqpsbnFHwkR9_38SiPO,Foto2
Nanía,Lucas Nanía,Lucas Sebastián Nanía Machain,Posición,14/01/1984,LugarNac,Argentina,FechaMuerte,LugarMuerte,Peso,Altura,Vitória (Brasil),Ind. Rivadavia (Mendoza),"San Lorenzo de Almagro, Palestino (Chile), Estudiantes (Venezuela), Dep. Pereira (Colombia), San Martin (San Juan), Ferro Carril Oeste, Vitória (Brasil), Huracán, Ind. Rivadavia (Mendoza), Atlanta, Apollon Smirna (Grecia), Dep. Morón, Def. de Belgrano",Biografía,Foto1,Foto2
Nervo,Hugo Nervo,Hugo Martín Nervo,Posición,FechaNac,LugarNac,País,FechaMuerte,LugarMuerte,Peso,Altura,Arsenal,Destino,Trayectoria,Biografía,Foto1,Foto2
Damián Nieto,Damián Nieto,DamiánPablo Nieto,Posición,02/04/1985,Buenos Aires (Capital Federal),Argentina,FechaMuerte,LugarMuerte,Peso,"1,86",Benfica (Portugal),Almagro,"Benfica (Portugal),Huracán,Almagro,Acassuso,Santiago Morning (Chile)",Biografía,https://blogger.googleusercontent.com/img/a/AVvXsEgSf3epjoxXtWegeHj1Zj4JtkbBuTcxKgUHhVcADddH_Yd3E5ktHNIzren8rKAf1kNROocKRIHomv1nA13VkBMcgw4wqAp1dNrKzkLC-P3ubGXlvJ8Pck-tk3_tuC4-RBqk6iggTpcOJZxcaIWwfloBbrizILnGQTgs9gbNhikEnfeecbrx4c7095bXK4N3,Foto2
Federico Nieto,Federico Nieto,Federico Gastón Nieto,Posición,FechaNac,LugarNac,Argentina / Brasil / Ecuador,FechaMuerte,LugarMuerte,Peso,Altura,Verona (Italia),Colón (Santa Fe),"Almagro, Rangers (Escocia), Estrela Amadora (Portugal), Genoa (Italia), Hellas Verona (Italia), Huracán, Banfield, Colón (Santa Fe), Paranaense (Brasil), Dep. Quito (Ecuador), Barcelona (Ecuador), Univ. Católica (Ecuador), Boca Unidos (Corrientes)",Biografía,https://blogger.googleusercontent.com/img/a/AVvXsEi3MHFlJCTtpUF-jvJjDz7Iq7tMIeMuCF3jYHy5rspLexxHqQzcTJdvvU5qSpx2tkpuiT9mjWFBE-Es_xNXfdAcyR-zFuh3a2baJI27PUdPdLYwG-4g95f5r3n8yerjylj20F9pgmCf6UiF6_E-mA2dbvPnaH_pllD8TWRQE_g7U72G1clFmeBlQ1sCj8oF=w163-h216,Foto2
Chichón Nieto,Luciano Nieto,Luciano Federico Nieto,Posición,19/01/1991,Buenos Aires (Capital Federal),Argentina,FechaMuerte,LugarMuerte,80,"1,75",Inferiores,Guillermo Brown (Chubut),"Huracán,Aragua (Venezuela),Estudiantes BA,Guillermo Brown (Chubut),Brown de Adrogué,Sport Boys (Bolivia),Chacarita Juniors,Sport Boys (Perú),Temperley,Univ. Católica (Ecuador)",Biografía,https://blogger.googleusercontent.com/img/a/AVvXsEjt8nHfzJlOQXnpGKeiJatIDywH6QqdpN0E5TebZZ0MvRJbarDzXh1nzDpIY2aesE3arOWmwj06ok3pNDoVM7D67ozDENC5uMfabASGxekwfh1_jQbuho1jPuo3XqyOHoYTGUp2UbEawjEXHCI0DNFW4K3rVrujl8cAzl4spTgoYrT3JHaHyqvcdBCjrDgs=w162-h216,Foto2
Núñez,Andrés Núñez,Andrés Feliciano Núñez,Posición,26/01/1991,Formosa,Argentina,FechaMuerte,LugarMuerte,Peso,Altura,Inferiores,Dep. Morón,"Huracán, Dep. Morón, San Martín (Formosa)",Biografía,Foto1,Foto2
﻿Orlando,Muriel Orlando,Muriel Juan Orlando,Posición,18/03/1989,San Nicolás (Buenos Aires),Argentina / Chile / Ecuador,FechaMuerte,LugarMuerte,Peso,Altura,Inferiores,Johor (Malasia),"Huracán,CNI Iquitos (Perú),Johor (Malasia),León de Huánuco (Perú),Copiapó (Chile),Antofagasta (Chile),Cobresal (Chile),Olmedo (Ecuador),Mushuc Runa (Ecuador),Macará (Ecuador),Dep. Cuenca (Ecuador),Güemes (Santiago),Santa Cruz (Chile),Búhos (Ecuador),Gualaceo (Ecuador)",Biografía,Foto1,Foto2
﻿Titi Ortiz,Cristian Ortiz,Cristian Jonathan Ortiz,Posición,20/05/1992,Rosario (Santa Fe),Argentina,FechaMuerte,LugarMuerte,Peso,Altura,Real Arroyo Seco (Rosario),Racing (Uruguay),"Real Arroyo Seco (Rosario),Huracán,Racing (Uruguay),Independiente,Univ. San Martín (Perú),Sporting Cristal (Perú),Ind. del Valle (Ecuador),Tijuana (México),Charlotte FC (Estados Unidos),Defensa y Justicia,Barcelona (Ecuador),Sport (Brasil)",Biografía,Foto1,Foto2
Fefo Ortiz,Federico Ortiz,Carlos Federico Ortiz López,Posición,07/08/1989,Buenos Aires,Argentina,FechaMuerte,LugarMuerte,Peso,Altura,Inferiores,Atenas de San Carlos (Uruguay),"Huracán, Atenas de San Carlos (Uruguay), Central Español (Uruguay), Gral. Lamadrid, Armenio, Luqueño (Paraguay), Independiente (Paraguay), Brown de Adrogué, Savoia (Italia), Talleres, Italiano",Biografía,Foto1,Foto2
JM Ortiz,Juan M Ortiz,Juan Manuel Ortiz Prieto,Posición,14/04/1982,LugarNac,Uruguay,FechaMuerte,LugarMuerte,Peso,"1,80",Peñarol (Uruguay),Cerrito (Uruguay),"Racing (Uruguay),Cerro (Uruguay),Estudiantes (La Plata),Danubio (Uruguay),Cerrito (Uruguay),Peñarol (Uruguay),Huracán,Fénix (Uruguay),Miramar Misiones (Uruguay),Albion (Uruguay)",Biografía,https://blogger.googleusercontent.com/img/a/AVvXsEjK0szVtiN5qo5P33DFcLA86zVC923ljkLOw16fYV8pLsFdQmvdxvTsut0FBa8BamCqxQuuZBInE_eb0tlzD4XLnSmzq5DB2N97KZFQcRvRLChvv6tH9uz_Guv_1jqVTHEYnlTMR0TycnW1eg4e3rqD2HCBqCgpQaZeOpr3QhP1VL0cgsSTjOYshTbo74gj,Foto2
﻿Ospina,Luciano Ospina,Luciano Alejandro Ospina Londoño,Posición,18/02/1991,Medellín (Colombia),Colombia,FechaMuerte,LugarMuerte,Peso,Altura,Inferiores,América (Colombia),"Huracán, América (Colombia), UTA Arad (Rumania), Dep. Rionegro (Colombia), Boyacá Chicó (Colombia), Fortaleza (Colombia), Alianza Petrolera (Colombia), Millonarios (Colombia)",Biografía,Foto1,Foto2
﻿Otálvaro,Harrison Otálvaro,José Harrison Otálvaro Arce,Posición,FechaNac,Cali (Colombia),Colombia,FechaMuerte,LugarMuerte,Peso,Altura,Cúcuta (Colombia),León de Huánuco (Perú),"América (Colombia), Dinamo Kiev (Ucrania), Cúcuta (Colombia), Huracán, León de Huánuco (Perú), Millonarios (Colmbia), Nacional (Colombia), Tolima (Colombia), Al Shamal (Katar), Real Cartagena (Colombia), Atl. Huila (Colombia), Once Caldas (Colombia)",Biografía,Foto1,Foto2
Oviedo,Nahuel Oviedo,Nahuel Alejandro Oviedo Betancourt,Posición,09/05/1990,Buenos Aires,Argentina,FechaMuerte,LugarMuerte,Peso,"1,83",Inferiores,Italiano,"Huracán,Italiano,San Antonio Unido,La Serena (Chile),San Telmo",Biografía,https://blogger.googleusercontent.com/img/a/AVvXsEgibwsR9k4CK3KCf6CWspprLeekCDyMil8f7DKnrD9oIuW9BV3dT3mmjyM0P94NjbQQJIvrCjdP-t09yIaGEQLI8kKUjGzNHuZ_mng9rcLY6cVrjCDLfyj9jnJcDSty8ndz_V91C7D2kZkUexKdcwZaMWNPq-7mm1zV-fXVt08v-y7xXC6NzssRlkJ_7ll1=w137-h182,Foto2
﻿Pastore,Javier Pastore,Javier Matías Pastore,Posición,FechaNac,LugarNac,Argentina / Francia / Italia,FechaMuerte,LugarMuerte,Peso,Altura,Talleres (Córdoba),Destino,"Talleres (Córdoba),Huracán,Palermo (Italia),Paris SG (Francia),Roma (Italia),Elche (España),Qatar SC (Katar)",Biografía,https://blogger.googleusercontent.com/img/a/AVvXsEhyKEii5Yq99XXElDE7YRsOLWXhypjuzwNXgcbjvbUIjQiVpuMMrcYr2qjFbnIAHXpQUmL4eEKsPa8VNVAAi7rFBcqQIcrUjOIQuekjy--iMhTlwIa93VuvIt9tCS-ZRdGpd68trWCUKuEcaQLxk3Vc0RCEVy2Wwl1AcvSav0XeH2EXCWHESqPMQZ7d2lWG=w114-h152,Foto2
Pautasso,Martín Pautasso,Martín Albano Pautasso,Lateral derecho,FechaNac,LugarNac,Argentina,FechaMuerte,LugarMuerte,Peso,Altura,Atl. Tucumán,Ind. Rivadavia (Mendoza),"Banfield, Gimnasia (La Plata), Independiente, AEK Atenas (Grecia), Olimpia (Paraguay), Belgrano (Córdoba), Atl. Tucumán, Huracán, Ind. Rivadavia (Mendoza)",Biografía,Foto1,Foto2
Peña,Agustín Peña,Alejandro Agustín Peña,Posición,FechaNac,LugarNac,Uruguay,FechaMuerte,LugarMuerte,Peso,Altura,Wanderers (Uruguay),Atl. Tucumán,"Wanderers (Uruguay),Huracán,Atl. Tucumán,Nacional (Uruguay),Danubio (Uruguay),Torque (Uruguay)",Biografía,Foto1,Foto2
﻿Peralta,Adrián Peralta,Adrián Maximiliano Peralta,Posición,FechaNac,LugarNac,Argentina,FechaMuerte,LugarMuerte,Peso,Altura,Lanús,Lanús,"Tristán Suárez,Instituto (Córdoba),Real Mallorca (España),Newell's Old Boys (Rosario),Lanús,Huracán,Dep. Morón,Huracán Las Heras (Mendoza)",Biografía,https://blogger.googleusercontent.com/img/a/AVvXsEgelfx_qD-FY-yQN80Rh00ZG62f9FlCjhIKRcqoCSZduokg5gURNY79MJhVxWi74Aq3rtQrRioTrfw5HSyBlUSU9fIBABmFEpdEs9ZT9JZ96O8xYt4u6NXy2vZ79uThl5qoIPw4jgVTsztleZTtOHaEbNvecoPEcSR7SLOzOj64QUX6DAx1grn9F3RYTTlD=w114-h152,Foto2
Poggi,Federico Poggi,Federico Hernán Poggi,Posición,FechaNac,LugarNac,Argentina,FechaMuerte,LugarMuerte,Peso,Altura,Sarmiento (Junín),Ajaccio (Francia),"San Telmo,Sarmiento (Junín),Huracán,Ajaccio (Francia),Arsenal,San Martín (San Juan),Villa Dálmine (Campana)",Biografía,https://blogger.googleusercontent.com/img/b/R29vZ2xl/AVvXsEh8Cn9PDoM-eEk5ARSAlYxLbzz2KAr50D0KmG739iV1Yyw6Yl0YCZkXKGV6H71ToMr-_M7HEYOf6qfpTtiqt4oYDIRf-YIHokpKTSi82UHdC5jPfSRniFvgkD0M3I_YQEb6fyePVv5rhN7h/w240-h241/Poggi+Federico.jpg,Foto2
﻿Pozo,Diego Pozo,Diego Raúl Pozo,Arquero,FechaNac,LugarNac,Argentina,FechaMuerte,LugarMuerte,Peso,Altura,Godoy Cruz (Mendoza),Rangers (Chile),"Godoy Cruz (Mendoza),Huracán,Talleres (Córdoba),Instituto (Córdoba),Colón (Santa Fe),Rangers (Chile),Sp. Belgrano (San Francisco)",Biografía,Foto1,Foto2
Presedo,Fernando Presedo,Fernando Presedo,Arquero,01/10/1990,LugarNac,Argentina,FechaMuerte,LugarMuerte,77,"1,91",Inferiores,Gral. Lamadrid,"Huracán, Gral. Lamadrid, Jorge Newbery (Cro. Rivadavia)",Biografía,Foto1,Foto2
Puch,Edson Puch,Edson Raúl Puch,Posición,FechaNac,LugarNac,Chile,FechaMuerte,LugarMuerte,Peso,Altura,Al Wasl (Emiratos Árabes),Destino,Trayectoria,Biografía,Foto1,Foto2
Puertas,Ángel Puertas,Ángel Maximiliano Puertas,Posición,FechaNac,LugarNac,Argentina,FechaMuerte,LugarMuerte,Peso,Altura,Platense,Independiente,"San Lorenzo de Almagro,Almagro,Belgrano,Los Andes,San Martín (San Juan),Cobresal (Chile),Platense,Huracán,Independiente,Tacuarembó FC (Uruguay),",Biografía,https://blogger.googleusercontent.com/img/a/AVvXsEhjhDKrqibDNBNUkKlEDWG4WEYA8AqCeS2voamdqSO51cfU-7IG2Yv9XkD44tOJ4CUXWk4OAX07G8ymSUmzcJiTrLggHXFI_kdT2nMh17jEvyBeTQLKRAlXIwBFEETPmAkSIteV__mN7m2Z8fo_jG7O-1Q66OT6EoMDzmi19eB5TpbHHdCM8UyZy4CvDpJa,Foto2
Alejandro Quintana,Alejandro Quintana,Alejandro Gabriel Quintana,Posición,20/02/1992,LugarNac,Argentina,FechaMuerte,LugarMuerte,Peso,Altura,Inferiores,Tristán Suárez,"Huracán, Tristán Suárez, Brown de Adrogué, Universitario (Bolivia), Blooming (Bolivia), Wydad (Marruecos), Cafetaleros (México), Sport Boys (Bolivia), Guabirá (Bolivia), Atl. Bucaramanga (Colombia), América (Colombia), Orense (Ecuador), Gimnasia (Jujuy)",Biografía,Foto1,Foto2
﻿Carlos Quintana,Carlos Quintana,Carlos Gustavo David Quintana,Posición,11/02/1988,Glew (Buenos Aires),Argentina,FechaMuerte,LugarMuerte,Peso,Altura,Lanús,Lanús,"Lanús, Huracán, Douglas Haig (Pergamino), Patronato (Paraná), Talleres (Córdoba), Argentinos Juniors, Rosario Central",Biografía,Foto1,Foto2
F ﻿Quiroga,Facundo Quiroga,Facundo Hernán Quiroga,Posición,FechaNac,LugarNac,Argentina / Portugal / Alemania,FechaMuerte,LugarMuerte,Peso,Altura,River Plate,Destino,"Newell's Old Boys (Rosario),Sporting Lisboa (Portugal),Napoli (Italia),Wolfsburgo (Alemania),River Plate,Huracán,All Boys",Biografía,Foto1,Foto2
﻿M Quiroga,Matías Quiroga,Matías Leonel Quiroga,Posición,FechaNac,LugarNac,Argentina,FechaMuerte,LugarMuerte,Peso,Altura,Colo Colo (Chile),Defensa y Justicia,"Talleres (Córdoba), Newell's Old Boys (Rosario), Colo Colo (Chile), Huracán, Defensa y Justicia, Sp. Belgrano (San Francisco), Atlanta, Almirante Brown, Concepción FC (Tucumán), Sarmiento (Chaco)",Biografía,Foto1,Foto2
Risso,Mario Risso,Mario Pablo Risso Caffiro,Posición,FechaNac,LugarNac,Uruguay,FechaMuerte,LugarMuerte,Peso,Altura,Defensor Sporting (Uruguay),Celaya (México),Trayectoria,Biografía,Foto1,Foto2
﻿Robledo,Gabriel Robledo,Gabriel Alejandro Robledo,Posición,01/01/1993,La Matanza (Buenos Aires),Argentina,FechaMuerte,LugarMuerte,70,"1,80",Inferiores,Destino,Trayectoria,Biografía,Foto1,Foto2
Rodríguez,Diego Rodríguez,Diego Manuel Rodríguez de Luz,Lateral izquierdo,08/08/1986,Montevideo,Uruguay,FechaMuerte,LugarMuerte,72,"1,76",Bologna (Italia),Defensor Sporting (Uruguay),"Peñarol (Uruguay),Bologna (Italia),Huracán,Defensor Sporting (Uruguay),River Pte. (Uruguay),Juventud (Uruguay)",Biografía,Foto1,Foto2
Roffés,Guillermo Roffés,Guillermo Ezequiel Roffés,Posición,05/03/1991,Córdoba,Argentina,FechaMuerte,LugarMuerte,Peso,Altura,Inferiores,Retirado,"Huracán",Biografía,Foto1,Foto2
﻿Romero Gamarra,Alejandro Romero Gamarra,Alejandro Sebastián Romero Gamarra,Posición,FechaNac,LugarNac,Argentina / Paraguay / Arabia Saudita,FechaMuerte,LugarMuerte,Peso,Altura,Procedencia,Destino,"Huracán,New York Red Bulls (Estados Unidos),Al Taawoun (Arabia Saudita),Al Ain (Emiratos Árabes)",Biografía,https://blogger.googleusercontent.com/img/a/AVvXsEj5r_bhENDAEa5bhcqvIaN1AKhdZInCv_2rHwj7z4SjGgMIV_MNhZLqJczjnwVT9pqgxZ5gG_VRmABBc8rZ7-VLMiGlJv2EBNXO1b9VrVyUPohslEWTf9M4DkP71CMZ4BWKo8orYv3vGV9AMGH9ClVs4Ruj5Iy-EIN-1brxX0pbIh_66JrGIzjVy4XweqfR,Foto2
Sales,Robert Sales,Robert Sales,Posición,25/04/1990,Cnel. Oviedo,Paraguay,FechaMuerte,LugarMuerte,Peso,Altura,Inferiores,Independiente (Paraguay),"Huracán,Independiente (Paraguay)",Biografía,Foto1,Foto2
San Román,José San Román,José Ignacio San Román,Posición,FechaNac,LugarNac,Argentina,FechaMuerte,LugarMuerte,Peso,Altura,Arsenal,Destino,Trayectoria,Biografía,Foto1,Foto2
Sánchez,Alan Sánchez,Alan Sánchez,Posición,FechaNac,LugarNac,Argentina,FechaMuerte,LugarMuerte,Peso,Altura,O'Higgins (Chile),Boca Unidos (Corrientes),"Platense,O'Higgins (Chile),Huracán,Boca Unidos (Corrientes),Levadiakos (Grecia),Manta FC (Ecuador),Macará (Ecuador),Cúcuta (Colombia),Gutiérrez (Mendoza),Acassuso",Biografía,https://blogger.googleusercontent.com/img/a/AVvXsEhj6GXkaiOXn67zhd--fw31OtJ3BVI9DLBJyVYi3WPr24E86cMeKWkuzaqSyOP1YhRPjU2E_WpTrKYKK6Tt3VPP4bGGZX4OKRTb39GIsCuLCXcYb33MJ0fnYP6SzcisECNipPVK9J5OiW6ruALO2D4awTdMiXHfz7W71y_t4QfDMoNI21KGMGQjyH0duWSe,Foto2
Sánchez Prette,Cristian Sánchez Prette,Cristian Miguel Sánchez Prette,Posición,10/05/1985,LugarNac,Argentina,FechaMuerte,LugarMuerte,Peso,Altura,Procedencia,Destino,"Huracán,CFR Cluj (Rumania),Estudiantes (La Plata),Newell's Old Boys (Rosario),Barcelona (Ecuador),Argentinos Juniors,Águila (El Salvador),Estudiantes (Río Cuarto),Berazategui,Audaz (El Salvador),Sacachispas,El Porvenir",Biografía,https://blogger.googleusercontent.com/img/b/R29vZ2xl/AVvXsEhUmmMqhWPvdU8vPWDi4MVJwHkCXxjli2WB_GNWF01nW-82hMNGayfcfeTnXi1kAAVngptEggIv7o7a6Cj5nv3Eu9ubpkAY9mfcJKwZJQi3U9cTExng9SUkYdlXnoYico5Xzq5kk7_55T5i/w231-h269/S%C3%A1nchez+Prette.jpg,Foto2
﻿Soplán,Darío Soplán,Darío Nicolás Soplán,Posición,FechaNac,LugarNac,Argentina,FechaMuerte,LugarMuerte,Peso,Altura,Inferiores,Italiano,"Huracán,Italiano,Andino (La Rioja)",Biografía,Foto1,Foto2
﻿Sosa,Luca Sosa,Luca Sosa,Posición,FechaNac,LugarNac,Argentina,FechaMuerte,LugarMuerte,Peso,Altura,Procedencia,Destino,Trayectoria,Biografía,Foto1,Foto2
﻿Sotelo,Guillermo Sotelo,Guillermo Sotelo,Posición,30/03/1991,Reconquista (Santa Fe),Argentina,FechaMuerte,LugarMuerte,Peso,Altura,Inferiores,Crucero del Norte (Posadas),Trayectoria,Biografía,Foto1,Foto2
Suárez,Damián Suárez,Damián Isaac Suárez,Posición,07/01/1990,Buenos Aires,Argentina,FechaMuerte,LugarMuerte,Peso,Altura,Inferiores,Victoriano Arenas,"Huracán, Victoriano Arenas, UAI Urquiza, Barracas Central, Dep. Laferrere",Biografía,Foto1,Foto2
Tavio,Cristian Tavio,Cristian Tavio,Posición,22/09/1979,Buenos Aires,Argentina,FechaMuerte,LugarMuerte,Peso,Altura,Paraguayo,Estudiantes BA,"Paraguayo,Huracán,Estudiantes BA,Olimpo (Bahía Blanca),Independiente,Banfield,Colón (Santa Fe),Arsenal,San Martín (San Juan),Racing Club,Atl. Tucumán,Belgrano (Córdoba),Platense,SAT (Luján)",Biografía,Foto1,Foto2
Toranzo,Patricio Toranzo,Patricio Daniel Toranzo,Posición,FechaNac,LugarNac,Argentina,FechaMuerte,LugarMuerte,Peso,Altura,Atl. Rafaela,Destino,"River Plate,Quilmes,Atl. Rafaela,Huracán,Racing Club,All Boys,Shangai Shenua (China),Almagro,Ciclón (Bolivia),",Biografía,https://blogger.googleusercontent.com/img/b/R29vZ2xl/AVvXsEh6iJgHwfIdpHUsomwCSimOYHGJ0GbNWFf0UIC8OMyBddbCeSrJiJS0UKoAd2loHtvNkOARcYxSh6HdmHesENZeU6RA43zg_IJO-h457T8TIBsxZTfNDezu5PVyzjq3wfDM8JVJD_idKOsO/w204-h241/Toranzo+Patricio+3.jpg,Foto2
﻿Torassa,Agustín Torassa,Agustín Gonzalo Torassa,Posición,20/10/1988,Resistencia (Chaco),Argentina,FechaMuerte,LugarMuerte,Peso,Altura,Procedencia,Destino,Trayectoria,Biografía,Foto1,Foto2
Torres,Mariano Torres,Mariano Néstor Torres,Posición,19/05/1987,Buenos Aires,Argentina / Costa Rica,FechaMuerte,LugarMuerte,76,"1,81",Santo André (Brasil),Boca Juniors,"LASK Linz (Austria),Godoy Cruz (Mendoza),Boca Juniors,Corinthians (Brasil),Náutico (Brasil),Santo André (Brasil),Huracán,Cobresal (Chile),Jorge Wilstermann (Bolivia),The Strongest (Bolivia),Saprissa (Costa Rica)",Biografía,Foto1,Foto2
﻿Trecarichi,Lucas Trecarichi,Lucas Ezequiel Trecarichi Loiacono,Posición,FechaNac,LugarNac,Argentina / España,FechaMuerte,LugarMuerte,Peso,Altura,Sevilla FC  (España),Sevilla FC (España),"CD Leganés (España),Sevilla FC (España),Huracán,Pontferrandina (España),CSKA Sofía (Bulgaria),Unión San Felipe (Chile),Kallithea FC (Grecia),FC Jumala (Letonia),Petapa (Guatemala),San Martín de Burzaco,Rotonda (Italia)",Biografía,Foto1,Foto2
﻿Trecco,Nicolás Trecco,Néstor Nicolás Trecco,Posición,FechaNac,LugarNac,Argentina,FechaMuerte,LugarMuerte,Peso,Altura,El Linqueño (Lincoln),Destino,"El Linqueño (Lincoln),Huracán,Unión San Felipe (Chile),Cobreloa (Chile),Univ. Católica (Chile),San Marcos de Arica (Chile),Sacachispas,LDU Portoviejo (Ecuador),Tiro Federal (Bahía Blanca),Rangers (Chile),Dep. Roca (Confluencia),Alvarado (Mar del Plata),Mons Calpe (Gibraltar),Cipolletti (Confluencia),Barracas Central,Chaco For Ever,Villa Mitre (Bahía Blanca),Douglas Haig (Pergamino)",Biografía,Foto1,Foto2
Úbeda,Claudio Úbeda,Claudio Fernando Úbeda,Posición,FechaNac,LugarNac,Argentina,FechaMuerte,LugarMuerte,Peso,Altura,Racing Club,Retirado,"Central Córdoba (Rosario),Racing Club,Rosario Central,TM Gallos Blancos (México),Tokyo Verdi (Japón),Huracán",Biografía,https://blogger.googleusercontent.com/img/a/AVvXsEgc1Qq0lLhD0jP9FYS2c7hzkcXdIRBq6TokUM15V1HWhoRpkg0J-6K50bnZcECom5ssFtTiUqzYFBhWfjmZJ6pugtacV4VQkHK-DnnOfyJn8F-xG4fMBZZ6koAH5PpGaQXtdpJj4tw9d4P7l9pH2RhYWpjw8WAFZh4eDqObW9G9koMH9uYf_XdgC-la6wd6,Foto2
Vallejos,César Vallejos,César Ramón Vallejos,Posición,24/03/1983,Corrientes,Argentina,FechaMuerte,LugarMuerte,Peso,Altura,El Linqueño (Lincoln),Douglas Haig (Pergamino),"Renato Cesarini (Rosario),El Linqueño (Lincoln),Huracán,Douglas Haig (Pergamino),Rivadavia (Lincoln),Unión (Mar del Plata),Camioneros (Luján),Agropecuario (Carlos Casares),Jorge Newbery (Venado Tuerto)",Biografía,Foto1,Foto2
Varaldo,Luciano Varaldo,Luciano Ismael Varaldo,Posición,FechaNac,LugarNac,Argentina,FechaMuerte,LugarMuerte,Peso,Altura,Central Córdoba (Santiago),Almirante Brown,"Ben Hur (Rafaela),Central Córdoba (Santiago),Huracán,Almirante Brown,Ferro Carril Oeste,Jorge Wilstermann (Bolivia),Italiano,Dep. Guaymallén (Mendoza),Crucero del Norte (Posadas),Gimnasia (Mendoza),Cipolletti (Confluencia),Unión Aconquija (Andalgalá),Tiro Federal (Rosario),9 de Julio de Morteros (San Francisco),Belgrano (Paraná),Güemes (Santiago)",Biografía,https://blogger.googleusercontent.com/img/a/AVvXsEhtIt2YfswAzKcHtz2Q3lnpjlU7VnuLxLBL6vYaYbyjKdP8bG2vKcSJQWcSiyBczEszUzvnfVX9Tmrp7m-lBCj8Hg682e7lXz0T3iJ4DKplB9pNaMZy8wG_rVRj5Bpm8w-58qcaPvMYF3rEnJOz8cLNi1-zc1Bf8Y1ADsxaYQd4RSaoUP1xTXoOz_0aOmwv,Foto2
Vega,Daniel Vega,Nombre,Posición,FechaNac,19/10/1981,Argentina,FechaMuerte,LugarMuerte,Peso,Altura,Almirante Brown,Platense,Trayectoria,Biografía,Foto1,Foto2
﻿Velázquez,Sergio Velázquez,Sergio Velázquez,Posición,FechaNac,LugarNac,Argentina,FechaMuerte,LugarMuerte,Peso,Altura,Procedencia,Destino,Trayectoria,Biografía,Foto1,Foto2
Vélez,Nicolás Vélez,Leandro Nicolás Vélez,Posición,FechaNac,LugarNac,Argentina,FechaMuerte,LugarMuerte,Peso,Altura,Inferiores,Sanluqueño (España),"Huracán,Sanluqueño (España),Warriors (Singapur),Norteast United (India),Hajduk Split (Croacia),Suphanburi (Thailandia),Negeri Sembilan (Malasia),Belenenses (Portugal),Felda United (Malasia),Sleman (Indonesia)",Biografía,Foto1,Foto2
Villán,Leonardo Villán,Leonardo Rafael Villán,Posición,12/02/1992,LugarNac,Argentina,FechaMuerte,LugarMuerte,Peso,"1,86",Inferiores,Central Norte (Salta),"Huracán, Central Norte (Salta), Alvarado (Mar del Plata), Luján, Surcar (Bolivia), Oruro Royal (Bolivia), San José (Bolivia)",Biografía,Foto1,Foto2
﻿Villafáñez,Lucas Villafáñez,Lucas Villafáñez,Posición,FechaNac,LugarNac,Argentina,FechaMuerte,LugarMuerte,Peso,Altura,Procedencia,Destino,Trayectoria,Biografía,Foto1,Foto2
Villarruel,Lucas Villarruel,Lucas Ariel Villarruel,Volante derecho,13/11/1990,LugarNac,Argentina,FechaMuerte,LugarMuerte,Peso,Altura,Inferiores,Olimpo (Bahía Blanca),"Huracán,Olimpo (Bahía Blanca),Defensa y Justicia,Newell's Old Boys (Rosario),LDU Quito (Ecuador),Gimnasia (Mendoza)",Biografía,https://blogger.googleusercontent.com/img/a/AVvXsEhzCKeduqLhh1hnXxjWuk6WVGjhzVXM7spQf2R-AG7D6hvbaQNfYD0v3ub7LKyHn6UwLpm5Tio4iSNWyejRPU_8YSwDekggqsJbPW0CC9LfZQM0SUg8D_jRLwa_GNl4bm7yfqAdkabiR9If8pPIOsaRh-RVC8_w05MF9egAVDxzyuqPHqE1PKabe05nA_11,Foto2
﻿Villegas,Mauro Villegas,Mauro Darío Villegas,Posición,15/06/1984,LugarNac,Argentina,FechaMuerte,LugarMuerte,Peso,Altura,Chacarita Juniors,CAI (Cro. Rivadavia),"CAI (Cro. Rivadavia),Tigre,Chacarita Juniors,Huracán,Huracán (Cro. Rivadavia),Florentino Ameghino (Cro. Rivadavia),Jorge Newbery (Cro. Rivadavia)",Biografía,Foto1,Foto2
﻿Vismara,Federico Vismara,Federico Vismara,Volante Central,09/05/1983,Carcarañá (Santa Fe),Argentina,FechaMuerte,LugarMuerte,74,"1,85",Procedencia,Destino,Trayectoria,Biografía,Foto1,Foto2
Yacuzzi,Javier Yacuzzi,Javier Yacuzzi,Posición,15/08/1979,San Nicolás (Buenos Aires),Argentina,29/05/2023,Querétaro (México),Peso,Altura,Tijuana (México),Rosario Central,"Platense,Tigre,Gimnasia (Concepción),Tiro Federal (Rosario),Arsenal,Tijuana (México),Huracán,Rosario Central,Defensa y Justicia,Gral. Rojo (San Nicolás),Matienzo de Ramallo (San Nicolás),Somisa (San Nicolás)",Biografía,Foto1,Foto2
Zalcman,Hernán Zalcman,Hernán Zalcman,Arquero,05/10/1990,Buenos Aires,Argentina,FechaMuerte,LugarMuerte,Peso,Altura,Inferiores,Destino,"Huracán, Náutico Hacoaj",Biografía,Foto1,Foto2
Zaragoza,Leonardo Zaragoza,Leonardo Facundo Zaragoza,Lateral derecho,31/01/1992,Buenos Aires,Argentina,FechaMuerte,LugarMuerte,Peso,Altura,Inferiores,Estudiantes BA,"Huracán, Estudiantes BA, Brown de Adrogué, Temperley",Biografía,Foto1,Foto2
﻿Zárate,Rolando Zárate,Rolando David Zárate,Posición,FechaNac,LugarNac,Argentina,FechaMuerte,LugarMuerte,Peso,Altura,Procedencia,Destino,"Vélez Sarsfield,Terrasa FC (España),Castilla (España),Real Madrid (España),Real Murcia (España),Ciudad de Murcia (España),Al Ittihad (Arabia),Tigres (México),Monterrey (México),River Plate,Barcelona (Ecuador),Huracán,Defensa y Justicia",Biografía,Foto1,Foto2
Zarif,Omar Zarif,Omar Zarif,Posición,FechaNac,LugarNac,Argentina,FechaMuerte,LugarMuerte,Peso,Altura,Nueva Chicago,Rosario Central,"Dock Sud,El Porvenir,Los Andes,Defensa y Justicia,Nueva Chicago,Huracán,Rosario Central,Chacarita Juniors,Banfield",Biografía,https://blogger.googleusercontent.com/img/a/AVvXsEgvkhmUwDt-rxBYJz0SHIHAFSuUinNljz_8VXy1VOCQN_04QUjPlO4JYaG5HApq2WK-Afrv1Hwc0n-QN9LH6oNAV5hb-AZnt1GkI65UtiAgkZPxaTmmmrpnNiP4URk3Dn0VIJg_QDZZA1c8iPT0btgrS2_fv3BRVIPpelv99npWInoHTof0AsfwuTtvvZrh,Foto2
Zarza,Germán Zarza,Germán Antonio Zarza Galarza,Posición,FechaNac,LugarNac,Argentina,FechaMuerte,LugarMuerte,Peso,Altura,Inferiores,Comunicaciones,"Huracán,Comunicaciones,Grupo Universitario (Tandil),Sp. Barracas",Biografía,https://blogger.googleusercontent.com/img/a/AVvXsEju4T2bZvmx3Tig5ynPO0s7lIIABXc6JxOz5Vg2SjiDJTV-IkRL1D0KRHD3YMXhAAIzGmOnOllqsP6TEQC7MPf125eprbNzEqyF4VzAQL44L-V25WVIoDcV_N3rbBuYAuUouw0sUheKrNwrRSO2M9Izr9Ody1I7VoWYMrsO76eOj5U0uaYmIcKxEAWBDmnY=w123-h200,Foto2





